date,checkin_booking,status,partner,class_type
"2025-02-01T10:18:01.028+00:00",Checkin,COMPLETED,"Solo Cyclo",on-site
"2025-02-04T18:15:00.000+00:00",Booking,CANCELLED,"TRIB3 Granvia Valencia",on-site
"2025-02-05T18:35:02.957+00:00",Checkin,COMPLETED,"Solo Cyclo",on-site
"2025-02-06T13:22:36.778+00:00",Checkin,COMPLETED,"RZ75 TRAINING STUDIO",on-site
"2025-02-09T10:00:00.000+00:00",Booking,COMPLETED,"Begood Viveros",on-site
"2025-02-09T10:00:00.000+00:00",Checkin,COMPLETED,"Begood Viveros",on-site
"2025-02-10T18:37:24.183+00:00",Checkin,COMPLETED,"Solo Cyclo",on-site
"2025-02-11T18:15:00.000+00:00",Booking,COMPLETED,"TRIB3 Granvia Valencia",on-site
"2025-02-11T18:15:00.000+00:00",Checkin,COMPLETED,"TRIB3 Granvia Valencia",on-site
"2025-02-13T18:15:00.000+00:00",Booking,COMPLETED,"TRIB3 Granvia Valencia",on-site
"2025-02-13T18:15:00.000+00:00",Checkin,COMPLETED,"TRIB3 Granvia Valencia",on-site
"2025-02-15T09:56:23.274+00:00",Checkin,COMPLETED,"Solo Cyclo",on-site
"2025-02-17T18:32:13.728+00:00",Checkin,COMPLETED,"Solo Cyclo",on-site
"2025-02-19T18:42:20.753+00:00",Checkin,COMPLETED,"Solo Cyclo",on-site
"2025-02-20T18:15:00.000+00:00",Booking,COMPLETED,"TRIB3 Granvia Valencia",on-site
"2025-02-20T18:15:00.000+00:00",Checkin,COMPLETED,"TRIB3 Granvia Valencia",on-site
"2025-02-24T18:24:29.080+00:00",Checkin,COMPLETED,"Solo Cyclo",on-site
"2025-02-26T18:15:00.000+00:00",Booking,COMPLETED,"TRIB3 Granvia Valencia",on-site
"2025-02-26T18:15:00.000+00:00",Checkin,COMPLETED,"TRIB3 Granvia Valencia",on-site
"2025-03-01T09:48:48.483+00:00",Checkin,COMPLETED,"Solo Cyclo",on-site
"2025-03-03T18:24:30.859+00:00",Checkin,COMPLETED,"Solo Cyclo",on-site
"2025-03-04T18:15:00.000+00:00",Booking,COMPLETED,"TRIB3 Granvia Valencia",on-site
"2025-03-04T18:15:00.000+00:00",Checkin,COMPLETED,"TRIB3 Granvia Valencia",on-site
"2025-03-06T18:15:00.000+00:00",Booking,COMPLETED,"TRIB3 Granvia Valencia",on-site
"2025-03-06T18:15:00.000+00:00",Checkin,COMPLETED,"TRIB3 Granvia Valencia",on-site
"2025-03-10T18:32:11.107+00:00",Checkin,COMPLETED,"Solo Cyclo",on-site
"2025-03-11T18:15:00.000+00:00",Booking,COMPLETED,"TRIB3 Granvia Valencia",on-site
"2025-03-11T18:15:00.000+00:00",Checkin,COMPLETED,"TRIB3 Granvia Valencia",on-site
"2025-03-13T18:15:00.000+00:00",Booking,COMPLETED,"TRIB3 Granvia Valencia",on-site
"2025-03-13T18:15:00.000+00:00",Checkin,COMPLETED,"TRIB3 Granvia Valencia",on-site
"2025-03-15T10:07:32.094+00:00",Checkin,COMPLETED,"Solo Cyclo",on-site
"2025-03-20T18:15:00.000+00:00",Booking,COMPLETED,"TRIB3 Granvia Valencia",on-site
"2025-03-20T18:15:00.000+00:00",Checkin,COMPLETED,"TRIB3 Granvia Valencia",on-site
"2025-03-26T18:45:00.000+00:00",Booking,COMPLETED,"Solo Cyclo",on-site
"2025-03-26T18:45:00.000+00:00",Checkin,COMPLETED,"Solo Cyclo",on-site
"2025-03-27T18:15:00.000+00:00",Booking,NOT_VALIDATED,"TRIB3 Granvia Valencia",on-site
"2025-03-27T18:15:00.000+00:00",Checkin,NOT_VALIDATED,"TRIB3 Granvia Valencia",on-site
"2025-03-29T10:15:00.000+00:00",Booking,COMPLETED,"Solo Cyclo",on-site
"2025-03-29T10:15:00.000+00:00",Checkin,COMPLETED,"Solo Cyclo",on-site
"2025-03-30T16:37:33.024+00:00",Checkin,COMPLETED,"Bikram Yoga Valencia",on-site
"2025-03-31T17:45:00.000+00:00",Booking,COMPLETED,"Solo Cyclo",on-site
"2025-03-31T17:45:00.000+00:00",Checkin,COMPLETED,"Solo Cyclo",on-site
"2025-04-01T17:15:00.000+00:00",Booking,COMPLETED,"TRIB3 Granvia Valencia",on-site
"2025-04-01T17:15:00.000+00:00",Checkin,COMPLETED,"TRIB3 Granvia Valencia",on-site
"2025-04-03T17:15:00.000+00:00",Booking,COMPLETED,"TRIB3 Granvia Valencia",on-site
"2025-04-03T17:15:00.000+00:00",Checkin,COMPLETED,"TRIB3 Granvia Valencia",on-site
"2025-04-07T17:45:00.000+00:00",Booking,COMPLETED,"Solo Cyclo",on-site
"2025-04-07T17:45:00.000+00:00",Checkin,COMPLETED,"Solo Cyclo",on-site
"2025-04-08T17:15:00.000+00:00",Booking,COMPLETED,"TRIB3 Granvia Valencia",on-site
"2025-04-08T17:15:00.000+00:00",Checkin,COMPLETED,"TRIB3 Granvia Valencia",on-site
"2025-04-09T17:30:00.000+00:00",Booking,COMPLETED,"Aero Studio Seijaku",on-site
"2025-04-09T17:30:00.000+00:00",Checkin,COMPLETED,"Aero Studio Seijaku",on-site
"2025-04-10T17:15:00.000+00:00",Booking,COMPLETED,"TRIB3 Granvia Valencia",on-site
"2025-04-10T17:15:00.000+00:00",Checkin,COMPLETED,"TRIB3 Granvia Valencia",on-site
"2025-04-12T09:15:00.000+00:00",Booking,COMPLETED,"Solo Cyclo",on-site
"2025-04-12T09:15:00.000+00:00",Checkin,COMPLETED,"Solo Cyclo",on-site
"2025-04-13T16:52:37.969+00:00",Checkin,COMPLETED,"Bikram Yoga Valencia",on-site
"2025-04-17T17:00:00.000+00:00",Booking,LATE_CANCELED,"Solo Cyclo",on-site
"2025-04-18T08:30:00.000+00:00",Booking,COMPLETED,"Solo Cyclo",on-site
"2025-04-18T08:30:00.000+00:00",Checkin,COMPLETED,"Solo Cyclo",on-site
"2025-04-22T17:15:00.000+00:00",Booking,COMPLETED,"TRIB3 Granvia Valencia",on-site
"2025-04-22T17:15:00.000+00:00",Checkin,COMPLETED,"TRIB3 Granvia Valencia",on-site
"2025-04-23T17:45:00.000+00:00",Booking,COMPLETED,"Solo Cyclo",on-site
"2025-04-23T17:45:00.000+00:00",Checkin,COMPLETED,"Solo Cyclo",on-site
"2025-04-24T17:30:00.000+00:00",Booking,COMPLETED,"Aero Studio Seijaku",on-site
"2025-04-24T17:30:00.000+00:00",Checkin,COMPLETED,"Aero Studio Seijaku",on-site
"2025-04-25T15:30:00.000+00:00",Booking,COMPLETED,"Solo Cyclo",on-site
"2025-04-25T15:30:00.000+00:00",Checkin,COMPLETED,"Solo Cyclo",on-site
"2025-04-29T17:15:00.000+00:00",Booking,COMPLETED,"TRIB3 Granvia Valencia",on-site
"2025-04-29T17:15:00.000+00:00",Checkin,COMPLETED,"TRIB3 Granvia Valencia",on-site
"2025-04-30T17:30:00.000+00:00",Booking,COMPLETED,"Aero Studio Seijaku",on-site
"2025-04-30T17:30:00.000+00:00",Checkin,COMPLETED,"Aero Studio Seijaku",on-site
"2025-05-05T16:30:00.000+00:00",Booking,COMPLETED,"Solo Cyclo",on-site
"2025-05-05T16:30:00.000+00:00",Checkin,COMPLETED,"Solo Cyclo",on-site
"2025-05-05T17:00:00.000+00:00",Booking,CANCELLED,"Solo Cyclo",on-site
"2025-05-06T16:15:00.000+00:00",Booking,COMPLETED,"TRIB3 Granvia Valencia",on-site
"2025-05-06T16:15:00.000+00:00",Checkin,COMPLETED,"TRIB3 Granvia Valencia",on-site
"2025-05-08T16:30:00.000+00:00",Booking,COMPLETED,"Aero Studio Seijaku",on-site
"2025-05-08T16:30:00.000+00:00",Checkin,COMPLETED,"Aero Studio Seijaku",on-site
"2025-05-12T16:30:00.000+00:00",Booking,COMPLETED,"Solo Cyclo",on-site
"2025-05-12T16:30:00.000+00:00",Checkin,COMPLETED,"Solo Cyclo",on-site
"2025-05-13T16:15:00.000+00:00",Booking,COMPLETED,"TRIB3 Granvia Valencia",on-site
"2025-05-13T16:15:00.000+00:00",Checkin,COMPLETED,"TRIB3 Granvia Valencia",on-site
"2025-05-15T16:30:00.000+00:00",Booking,COMPLETED,"Aero Studio Seijaku",on-site
"2025-05-15T16:30:00.000+00:00",Checkin,COMPLETED,"Aero Studio Seijaku",on-site
"2025-05-17T09:15:00.000+00:00",Booking,COMPLETED,"Solo Cyclo",on-site
"2025-05-17T09:15:00.000+00:00",Checkin,COMPLETED,"Solo Cyclo",on-site
"2025-05-19T16:30:00.000+00:00",Booking,COMPLETED,"Solo Cyclo",on-site
"2025-05-19T16:30:00.000+00:00",Checkin,COMPLETED,"Solo Cyclo",on-site
"2025-05-20T16:15:00.000+00:00",Booking,COMPLETED,"TRIB3 Granvia Valencia",on-site
"2025-05-20T16:15:00.000+00:00",Checkin,COMPLETED,"TRIB3 Granvia Valencia",on-site
"2025-05-21T16:30:00.000+00:00",Booking,COMPLETED,"Aero Studio Seijaku",on-site
"2025-05-21T16:30:00.000+00:00",Checkin,COMPLETED,"Aero Studio Seijaku",on-site
"2025-05-22T16:30:00.000+00:00",Booking,COMPLETED,"Aero Studio Seijaku",on-site
"2025-05-22T16:30:00.000+00:00",Checkin,COMPLETED,"Aero Studio Seijaku",on-site
"2025-05-24T08:00:00.000+00:00",Booking,COMPLETED,"Solo Cyclo",on-site
"2025-05-24T08:00:00.000+00:00",Checkin,COMPLETED,"Solo Cyclo",on-site
"2025-05-27T16:15:00.000+00:00",Booking,COMPLETED,"TRIB3 Granvia Valencia",on-site
"2025-05-27T16:15:00.000+00:00",Checkin,COMPLETED,"TRIB3 Granvia Valencia",on-site
"2025-05-29T16:15:00.000+00:00",Booking,COMPLETED,"TRIB3 Granvia Valencia",on-site
"2025-05-29T16:15:00.000+00:00",Checkin,COMPLETED,"TRIB3 Granvia Valencia",on-site
"2025-06-02T16:30:00.000+00:00",Booking,COMPLETED,"Solo Cyclo",on-site
"2025-06-02T16:30:00.000+00:00",Checkin,COMPLETED,"Solo Cyclo",on-site
"2025-06-10T16:15:00.000+00:00",Booking,COMPLETED,"TRIB3 Granvia Valencia",on-site
"2025-06-10T16:15:00.000+00:00",Checkin,COMPLETED,"TRIB3 Granvia Valencia",on-site
"2025-06-12T17:00:00.000+00:00",Booking,COMPLETED,"Solo Cyclo",on-site
"2025-06-12T17:00:00.000+00:00",Checkin,COMPLETED,"Solo Cyclo",on-site
"2025-06-14T09:30:00.000+00:00",Booking,COMPLETED,"Solo Cyclo",on-site
"2025-06-14T09:30:00.000+00:00",Checkin,COMPLETED,"Solo Cyclo",on-site
"2025-06-15T16:47:31.699+00:00",Checkin,COMPLETED,"Bikram Yoga Valencia",on-site
"2025-06-17T16:30:00.000+00:00",Booking,COMPLETED,"Aero Studio Seijaku",on-site
"2025-06-17T16:30:00.000+00:00",Checkin,COMPLETED,"Aero Studio Seijaku",on-site
"2025-06-18T16:30:00.000+00:00",Booking,COMPLETED,"Aero Studio Seijaku",on-site
"2025-06-18T16:30:00.000+00:00",Checkin,COMPLETED,"Aero Studio Seijaku",on-site
"2025-06-19T17:00:00.000+00:00",Booking,COMPLETED,"Solo Cyclo",on-site
"2025-06-19T17:00:00.000+00:00",Checkin,COMPLETED,"Solo Cyclo",on-site
"2025-06-24T15:30:00.000+00:00",Booking,CANCELLED,"Aero Studio Seijaku",on-site
"2025-06-24T16:30:00.000+00:00",Booking,COMPLETED,"Aero Studio Seijaku",on-site
"2025-06-24T16:30:00.000+00:00",Checkin,COMPLETED,"Aero Studio Seijaku",on-site
"2025-06-25T16:30:00.000+00:00",Booking,COMPLETED,"Solo Cyclo",on-site
"2025-06-25T16:30:00.000+00:00",Checkin,COMPLETED,"Solo Cyclo",on-site
"2025-06-26T17:00:00.000+00:00",Booking,COMPLETED,"Solo Cyclo",on-site
"2025-06-26T17:00:00.000+00:00",Checkin,COMPLETED,"Solo Cyclo",on-site
"2025-07-01T17:00:00.000+00:00",Booking,COMPLETED,"Fargo Fitness",on-site
"2025-07-01T17:00:00.000+00:00",Checkin,COMPLETED,"Fargo Fitness",on-site
"2025-07-02T16:15:00.000+00:00",Booking,COMPLETED,"TRIB3 Granvia Valencia",on-site
"2025-07-02T16:15:00.000+00:00",Checkin,COMPLETED,"TRIB3 Granvia Valencia",on-site
"2025-07-03T17:00:00.000+00:00",Booking,COMPLETED,"Solo Cyclo",on-site
"2025-07-03T17:00:00.000+00:00",Checkin,COMPLETED,"Solo Cyclo",on-site
"2025-07-08T17:00:00.000+00:00",Booking,COMPLETED,"Fargo Fitness",on-site
"2025-07-08T17:00:00.000+00:00",Checkin,COMPLETED,"Fargo Fitness",on-site
"2025-07-09T16:30:00.000+00:00",Booking,COMPLETED,"Aero Studio Seijaku",on-site
"2025-07-09T16:30:00.000+00:00",Checkin,COMPLETED,"Aero Studio Seijaku",on-site
"2025-07-14T16:30:00.000+00:00",Booking,COMPLETED,"Solo Cyclo",on-site
"2025-07-14T16:30:00.000+00:00",Checkin,COMPLETED,"Solo Cyclo",on-site
"2025-07-21T15:30:00.000+00:00",Booking,COMPLETED,"Solo Cyclo",on-site
"2025-07-21T15:30:00.000+00:00",Checkin,COMPLETED,"Solo Cyclo",on-site
"2025-07-23T15:30:00.000+00:00",Booking,COMPLETED,"Solo Cyclo",on-site
"2025-07-23T15:30:00.000+00:00",Checkin,COMPLETED,"Solo Cyclo",on-site
"2025-07-28T17:00:00.000+00:00",Booking,COMPLETED,"Solo Cyclo",on-site
"2025-07-28T17:00:00.000+00:00",Checkin,COMPLETED,"Solo Cyclo",on-site
"2025-07-30T16:30:00.000+00:00",Booking,COMPLETED,"Aero Studio Seijaku",on-site
"2025-07-30T16:30:00.000+00:00",Checkin,COMPLETED,"Aero Studio Seijaku",on-site
"2025-09-01T17:00:00.000+00:00",Booking,COMPLETED,"Aero Studio Seijaku",on-site
"2025-09-01T17:00:00.000+00:00",Checkin,COMPLETED,"Aero Studio Seijaku",on-site
"2025-09-02T17:00:00.000+00:00",Booking,COMPLETED,"Solo Cyclo",on-site
"2025-09-02T17:00:00.000+00:00",Checkin,COMPLETED,"Solo Cyclo",on-site
"2025-09-03T16:10:00.000+00:00",Booking,COMPLETED,"Soma Club",on-site
"2025-09-03T16:10:00.000+00:00",Checkin,COMPLETED,"Soma Club",on-site
"2025-09-04T16:30:00.000+00:00",Booking,COMPLETED,"Aero Studio Seijaku",on-site
"2025-09-04T16:30:00.000+00:00",Checkin,COMPLETED,"Aero Studio Seijaku",on-site
"2025-09-05T16:15:00.000+00:00",Booking,COMPLETED,"TRIB3 Granvia Valencia",on-site
"2025-09-05T16:15:00.000+00:00",Checkin,COMPLETED,"TRIB3 Granvia Valencia",on-site
"2025-09-08T17:00:00.000+00:00",Booking,COMPLETED,"Aero Studio Seijaku",on-site
"2025-09-08T17:00:00.000+00:00",Checkin,COMPLETED,"Aero Studio Seijaku",on-site
"2025-09-09T18:10:00.000+00:00",Booking,COMPLETED,"Soma Club",on-site
"2025-09-09T18:10:00.000+00:00",Checkin,COMPLETED,"Soma Club",on-site
"2025-09-10T16:10:00.000+00:00",Booking,COMPLETED,"Soma Club",on-site
"2025-09-10T16:10:00.000+00:00",Checkin,COMPLETED,"Soma Club",on-site
"2025-09-12T15:15:00.000+00:00",Booking,REJECTED,"TRIB3 Granvia Valencia",on-site
"2025-09-12T16:15:00.000+00:00",Booking,COMPLETED,"TRIB3 Granvia Valencia",on-site
"2025-09-12T16:15:00.000+00:00",Checkin,COMPLETED,"TRIB3 Granvia Valencia",on-site
"2025-09-15T17:10:00.000+00:00",Booking,COMPLETED,"Soma Club",on-site
"2025-09-15T17:10:00.000+00:00",Checkin,COMPLETED,"Soma Club",on-site
"2025-09-15T17:15:00.000+00:00",Booking,REJECTED,"TRIB3 Granvia Valencia",on-site
"2025-09-16T16:15:00.000+00:00",Booking,COMPLETED,"TRIB3 Granvia Valencia",on-site
"2025-09-16T16:15:00.000+00:00",Booking,REJECTED,"TRIB3 Granvia Valencia",on-site
"2025-09-16T16:15:00.000+00:00",Checkin,COMPLETED,"TRIB3 Granvia Valencia",on-site
"2025-09-17T16:30:00.000+00:00",Booking,COMPLETED,"Solo Cyclo",on-site
"2025-09-17T16:30:00.000+00:00",Checkin,COMPLETED,"Solo Cyclo",on-site
"2025-09-22T17:00:00.000+00:00",Booking,COMPLETED,"Solo Cyclo",on-site
"2025-09-22T17:00:00.000+00:00",Checkin,COMPLETED,"Solo Cyclo",on-site
"2025-09-23T16:15:00.000+00:00",Booking,COMPLETED,"TRIB3 Granvia Valencia",on-site
"2025-09-23T16:15:00.000+00:00",Checkin,COMPLETED,"TRIB3 Granvia Valencia",on-site
"2025-09-24T18:00:00.000+00:00",Booking,COMPLETED,"Aero Studio Seijaku",on-site
"2025-09-24T18:00:00.000+00:00",Checkin,COMPLETED,"Aero Studio Seijaku",on-site
"2025-09-25T16:15:00.000+00:00",Booking,COMPLETED,"TRIB3 Granvia Valencia",on-site
"2025-09-25T16:15:00.000+00:00",Checkin,COMPLETED,"TRIB3 Granvia Valencia",on-site
"2025-09-30T06:10:00.000+00:00",Booking,COMPLETED,"Soma Club",on-site
"2025-09-30T06:10:00.000+00:00",Checkin,COMPLETED,"Soma Club",on-site
"2025-10-02T17:00:00.000+00:00",Booking,COMPLETED,"Solo Cyclo",on-site
"2025-10-02T17:00:00.000+00:00",Checkin,COMPLETED,"Solo Cyclo",on-site
"2025-10-03T06:10:00.000+00:00",Booking,CANCELLED,"Soma Club",on-site
"2025-10-06T17:15:00.000+00:00",Booking,COMPLETED,"TRIB3 Granvia Valencia",on-site
"2025-10-06T17:15:00.000+00:00",Checkin,COMPLETED,"TRIB3 Granvia Valencia",on-site
"2025-10-07T06:10:00.000+00:00",Booking,NO_SHOW,"Soma Club",on-site
"2025-10-08T17:00:00.000+00:00",Booking,COMPLETED,"Solo Cyclo",on-site
"2025-10-08T17:00:00.000+00:00",Checkin,COMPLETED,"Solo Cyclo",on-site
"2025-10-09T09:30:00.000+00:00",Booking,LATE_CANCELED,"TRIB3 Granvia Valencia",on-site
"2025-10-13T16:00:00.000+00:00",Booking,COMPLETED,"Aero Studio Seijaku",on-site
"2025-10-13T16:00:00.000+00:00",Checkin,COMPLETED,"Aero Studio Seijaku",on-site
"2025-10-14T17:00:00.000+00:00",Booking,COMPLETED,"Solo Cyclo",on-site
"2025-10-14T17:00:00.000+00:00",Checkin,COMPLETED,"Solo Cyclo",on-site
"2025-10-16T16:10:00.000+00:00",Booking,COMPLETED,"Soma Club",on-site
"2025-10-16T16:10:00.000+00:00",Checkin,COMPLETED,"Soma Club",on-site
"2025-10-21T13:30:00.000+00:00",Booking,COMPLETED,"Soma Club",on-site
"2025-10-21T13:30:00.000+00:00",Checkin,COMPLETED,"Soma Club",on-site
"2025-10-22T17:00:00.000+00:00",Booking,CANCELLED,"Solo Cyclo",on-site
"2025-10-27T17:00:00.000+00:00",Booking,COMPLETED,"Aero Studio Seijaku",on-site
"2025-10-27T17:00:00.000+00:00",Checkin,COMPLETED,"Aero Studio Seijaku",on-site
"2025-10-28T07:10:00.000+00:00",Booking,COMPLETED,"Soma Club",on-site
"2025-10-28T07:10:00.000+00:00",Checkin,COMPLETED,"Soma Club",on-site
"2025-10-29T18:00:00.000+00:00",Booking,COMPLETED,"Solo Cyclo",on-site
"2025-10-29T18:00:00.000+00:00",Checkin,COMPLETED,"Solo Cyclo",on-site
"2025-10-30T17:00:00.000+00:00",Booking,CANCELLED,"Solo Cyclo",on-site
"2025-10-30T17:10:00.000+00:00",Booking,COMPLETED,"Soma Club",on-site
"2025-10-30T17:10:00.000+00:00",Checkin,COMPLETED,"Soma Club",on-site
"2025-11-03T17:15:00.000+00:00",Booking,COMPLETED,"TRIB3 Granvia Valencia",on-site
"2025-11-03T17:15:00.000+00:00",Checkin,COMPLETED,"TRIB3 Granvia Valencia",on-site
"2025-11-10T17:00:00.000+00:00",Booking,COMPLETED,"Aero Studio Seijaku",on-site
"2025-11-10T17:00:00.000+00:00",Checkin,COMPLETED,"Aero Studio Seijaku",on-site
"2025-11-11T18:15:00.000+00:00",Booking,COMPLETED,"Solo Cyclo",on-site
"2025-11-11T18:15:00.000+00:00",Checkin,COMPLETED,"Solo Cyclo",on-site
"2025-11-12T17:15:00.000+00:00",Booking,COMPLETED,"TRIB3 Granvia Valencia",on-site
"2025-11-12T17:15:00.000+00:00",Checkin,COMPLETED,"TRIB3 Granvia Valencia",on-site
"2025-11-13T18:00:00.000+00:00",Booking,COMPLETED,"Solo Cyclo",on-site
"2025-11-13T18:00:00.000+00:00",Checkin,COMPLETED,"Solo Cyclo",on-site
"2025-11-17T17:00:00.000+00:00",Booking,COMPLETED,"Aero Studio Seijaku",on-site
"2025-11-17T17:00:00.000+00:00",Checkin,COMPLETED,"Aero Studio Seijaku",on-site
"2025-11-18T14:30:00.000+00:00",Booking,COMPLETED,"Soma Club",on-site
"2025-11-18T14:30:00.000+00:00",Checkin,COMPLETED,"Soma Club",on-site
"2025-11-19T17:15:00.000+00:00",Booking,COMPLETED,"TRIB3 Granvia Valencia",on-site
"2025-11-19T17:15:00.000+00:00",Checkin,COMPLETED,"TRIB3 Granvia Valencia",on-site
"2025-11-20T17:30:00.000+00:00",Booking,COMPLETED,"Aero Studio Seijaku",on-site
"2025-11-20T17:30:00.000+00:00",Checkin,COMPLETED,"Aero Studio Seijaku",on-site
"2025-11-24T17:00:00.000+00:00",Booking,COMPLETED,"Aero Studio Seijaku",on-site
"2025-11-24T17:00:00.000+00:00",Checkin,COMPLETED,"Aero Studio Seijaku",on-site
"2025-11-25T19:10:00.000+00:00",Booking,COMPLETED,"Soma Club",on-site
"2025-11-25T19:10:00.000+00:00",Checkin,COMPLETED,"Soma Club",on-site
"2025-11-26T18:00:00.000+00:00",Booking,COMPLETED,"Solo Cyclo",on-site
"2025-11-26T18:00:00.000+00:00",Checkin,COMPLETED,"Solo Cyclo",on-site
"2025-11-27T18:15:00.000+00:00",Booking,COMPLETED,"TRIB3 Granvia Valencia",on-site
"2025-11-27T18:15:00.000+00:00",Checkin,COMPLETED,"TRIB3 Granvia Valencia",on-site
"2025-12-01T17:30:00.000+00:00",Booking,COMPLETED,"Solo Cyclo",on-site
"2025-12-01T17:30:00.000+00:00",Checkin,COMPLETED,"Solo Cyclo",on-site
"2025-12-02T16:30:00.000+00:00",Booking,COMPLETED,"Aero Studio Seijaku",on-site
"2025-12-02T16:30:00.000+00:00",Checkin,COMPLETED,"Aero Studio Seijaku",on-site
"2025-12-03T17:15:00.000+00:00",Booking,COMPLETED,"TRIB3 Granvia Valencia",on-site
"2025-12-03T17:15:00.000+00:00",Checkin,COMPLETED,"TRIB3 Granvia Valencia",on-site
"2025-12-09T19:10:00.000+00:00",Booking,COMPLETED,"Soma Club",on-site
"2025-12-09T19:10:00.000+00:00",Checkin,COMPLETED,"Soma Club",on-site
"2025-12-10T18:00:00.000+00:00",Booking,COMPLETED,"Aero Studio Seijaku",on-site
"2025-12-10T18:00:00.000+00:00",Checkin,COMPLETED,"Aero Studio Seijaku",on-site
"2025-12-11T18:00:00.000+00:00",Booking,COMPLETED,"Solo Cyclo",on-site
"2025-12-11T18:00:00.000+00:00",Checkin,COMPLETED,"Solo Cyclo",on-site
"2025-12-15T18:00:00.000+00:00",Booking,COMPLETED,"Aero Studio Seijaku",on-site
"2025-12-15T18:00:00.000+00:00",Checkin,COMPLETED,"Aero Studio Seijaku",on-site
"2025-12-17T18:00:00.000+00:00",Booking,COMPLETED,"Solo Cyclo",on-site
"2025-12-17T18:00:00.000+00:00",Checkin,COMPLETED,"Solo Cyclo",on-site
"2025-12-22T17:10:00.000+00:00",Booking,COMPLETED,"Soma Club",on-site
"2025-12-22T17:10:00.000+00:00",Checkin,COMPLETED,"Soma Club",on-site
"2025-12-26T16:30:00.000+00:00",Booking,COMPLETED,"Solo Cyclo",on-site
"2025-12-26T16:30:00.000+00:00",Checkin,COMPLETED,"Solo Cyclo",on-site
"2026-01-08T18:15:00.000+00:00",Booking,COMPLETED,"TRIB3 Granvia Valencia",on-site
"2026-01-08T18:15:00.000+00:00",Checkin,COMPLETED,"TRIB3 Granvia Valencia",on-site
"2026-01-11T10:15:00.000+00:00",Booking,COMPLETED,"Solo Cyclo",on-site
"2026-01-11T10:15:00.000+00:00",Checkin,COMPLETED,"Solo Cyclo",on-site
"2026-01-12T16:52:45.958+00:00",Checkin,COMPLETED,"Aero Studio Seijaku",on-site
"2026-01-13T14:10:00.000+00:00",Booking,COMPLETED,"Soma Club",on-site
"2026-01-13T14:10:00.000+00:00",Checkin,COMPLETED,"Soma Club",on-site
"2026-01-15T18:15:00.000+00:00",Booking,COMPLETED,"TRIB3 Granvia Valencia",on-site
"2026-01-15T18:15:00.000+00:00",Checkin,COMPLETED,"TRIB3 Granvia Valencia",on-site
"2026-01-18T10:15:00.000+00:00",Booking,COMPLETED,"Solo Cyclo",on-site
"2026-01-18T10:15:00.000+00:00",Checkin,COMPLETED,"Solo Cyclo",on-site
"2026-01-19T16:10:00.000+00:00",Booking,COMPLETED,"Soma Club",on-site
"2026-01-19T16:10:00.000+00:00",Checkin,COMPLETED,"Soma Club",on-site
"2026-01-21T17:15:00.000+00:00",Booking,COMPLETED,"TRIB3 Granvia Valencia",on-site
"2026-01-21T17:15:00.000+00:00",Checkin,COMPLETED,"TRIB3 Granvia Valencia",on-site
"2026-02-02T16:51:22.800+00:00",Checkin,COMPLETED,"Bikram Yoga Valencia",on-site
"2026-02-03T07:10:00.000+00:00",Booking,COMPLETED,"Soma Club",on-site
"2026-02-03T07:10:00.000+00:00",Checkin,COMPLETED,"Soma Club",on-site
"2026-02-04T19:10:00.000+00:00",Booking,COMPLETED,"Soma Club",on-site
"2026-02-04T19:10:00.000+00:00",Checkin,COMPLETED,"Soma Club",on-site
"2026-02-08T10:15:00.000+00:00",Booking,COMPLETED,"Solo Cyclo",on-site
"2026-02-08T10:15:00.000+00:00",Checkin,COMPLETED,"Solo Cyclo",on-site
"2026-02-09T19:10:00.000+00:00",Booking,COMPLETED,"Soma Club",on-site
"2026-02-09T19:10:00.000+00:00",Checkin,COMPLETED,"Soma Club",on-site
"2026-02-10T07:10:00.000+00:00",Booking,CANCELLED_BY_GYM,"Soma Club",on-site
"2026-02-11T17:15:00.000+00:00",Booking,COMPLETED,"TRIB3 Granvia Valencia",on-site
"2026-02-11T17:15:00.000+00:00",Checkin,COMPLETED,"TRIB3 Granvia Valencia",on-site
"2026-02-15T10:15:00.000+00:00",Booking,CANCELLED,"Solo Cyclo",on-site
"2026-02-15T10:15:00.000+00:00",Booking,CANCELLED_BY_GYM,"Solo Cyclo",on-site
"2026-02-17T14:10:00.000+00:00",Booking,COMPLETED,"Soma Club",on-site
"2026-02-17T14:10:00.000+00:00",Checkin,COMPLETED,"Soma Club",on-site
"2026-02-18T18:00:00.000+00:00",Booking,COMPLETED,"Aero Studio Seijaku",on-site
"2026-02-18T18:00:00.000+00:00",Checkin,COMPLETED,"Aero Studio Seijaku",on-site
"2026-02-19T17:15:00.000+00:00",Booking,COMPLETED,"TRIB3 Granvia Valencia",on-site
"2026-02-19T17:15:00.000+00:00",Checkin,COMPLETED,"TRIB3 Granvia Valencia",on-site
"2026-02-22T10:15:00.000+00:00",Booking,COMPLETED,"Solo Cyclo",on-site
"2026-02-22T10:15:00.000+00:00",Checkin,COMPLETED,"Solo Cyclo",on-site
"2026-02-23T17:00:00.000+00:00",Booking,COMPLETED,"Aero Studio Seijaku",on-site
"2026-02-23T17:00:00.000+00:00",Checkin,COMPLETED,"Aero Studio Seijaku",on-site
"2026-02-24T09:10:00.000+00:00",Booking,COMPLETED,"Soma Club",on-site
"2026-02-24T09:10:00.000+00:00",Checkin,COMPLETED,"Soma Club",on-site
"2026-02-25T16:30:00.000+00:00",Booking,COMPLETED,"Solo Cyclo",on-site
"2026-02-25T16:30:00.000+00:00",Checkin,COMPLETED,"Solo Cyclo",on-site
"2026-02-25T18:00:00.000+00:00",Booking,CANCELLED,"Aero Studio Seijaku",on-site
"2026-02-26T09:10:00.000+00:00",Booking,CANCELLED,"Soma Club",on-site
"2026-02-26T17:30:00.000+00:00",Booking,COMPLETED,"Aero Studio Seijaku",on-site
"2026-02-26T17:30:00.000+00:00",Checkin,COMPLETED,"Aero Studio Seijaku",on-site
"2026-03-03T07:10:00.000+00:00",Booking,CANCELLED,"Soma Club",on-site
"2026-03-05T17:10:00.000+00:00",Booking,COMPLETED,"Soma Club",on-site
"2026-03-05T17:10:00.000+00:00",Checkin,COMPLETED,"Soma Club",on-site
"2026-03-09T17:10:00.000+00:00",Booking,COMPLETED,"Soma Club",on-site
"2026-03-09T17:10:00.000+00:00",Checkin,COMPLETED,"Soma Club",on-site
"2026-03-10T07:10:00.000+00:00",Booking,CANCELLED,"Soma Club",on-site
"2026-03-10T14:10:00.000+00:00",Booking,COMPLETED,"Soma Club",on-site
"2026-03-10T14:10:00.000+00:00",Checkin,COMPLETED,"Soma Club",on-site
"2026-03-11T16:00:00.000+00:00",Booking,COMPLETED,"Aero Studio Seijaku",on-site
"2026-03-11T16:00:00.000+00:00",Checkin,COMPLETED,"Aero Studio Seijaku",on-site
"2026-03-17T14:10:00.000+00:00",Booking,COMPLETED,"Soma Club",on-site
"2026-03-17T14:10:00.000+00:00",Checkin,COMPLETED,"Soma Club",on-site
"2026-03-23T17:00:00.000+00:00",Booking,COMPLETED,"Aero Studio Seijaku",on-site
"2026-03-23T17:00:00.000+00:00",Checkin,COMPLETED,"Aero Studio Seijaku",on-site
"2026-03-25T19:10:00.000+00:00",Booking,COMPLETED,"Soma Club",on-site
"2026-03-25T19:10:00.000+00:00",Checkin,COMPLETED,"Soma Club",on-site
"2026-03-26T18:15:00.000+00:00",Booking,COMPLETED,"Fargo Fitness",on-site
"2026-03-26T18:15:00.000+00:00",Checkin,COMPLETED,"Fargo Fitness",on-site
"2026-03-27T07:10:00.000+00:00",Booking,CANCELLED,"Soma Club",on-site
"2026-03-29T09:15:00.000+00:00",Booking,COMPLETED,"Solo Cyclo",on-site
"2026-03-29T09:15:00.000+00:00",Checkin,COMPLETED,"Solo Cyclo",on-site
"2026-03-30T18:10:00.000+00:00",Booking,CANCELLED,"Soma Club",on-site
"2026-03-31T13:10:00.000+00:00",Booking,COMPLETED,"Soma Club",on-site
"2026-03-31T13:10:00.000+00:00",Checkin,COMPLETED,"Soma Club",on-site
"2026-04-01T17:00:00.000+00:00",Booking,COMPLETED,"Aero Studio Seijaku",on-site
"2026-04-01T17:00:00.000+00:00",Checkin,COMPLETED,"Aero Studio Seijaku",on-site
"2026-04-03T09:15:00.000+00:00",Booking,COMPLETED,"Solo Cyclo",on-site
"2026-04-03T09:15:00.000+00:00",Checkin,COMPLETED,"Solo Cyclo",on-site
"2026-04-07T13:10:00.000+00:00",Booking,COMPLETED,"Soma Club",on-site
"2026-04-07T13:10:00.000+00:00",Checkin,COMPLETED,"Soma Club",on-site
"2026-04-08T18:10:00.000+00:00",Booking,COMPLETED,"Soma Club",on-site
"2026-04-08T18:10:00.000+00:00",Checkin,COMPLETED,"Soma Club",on-site
"2026-04-14T17:30:00.000+00:00",Booking,COMPLETED,"Fargo Fitness",on-site
"2026-04-14T17:30:00.000+00:00",Checkin,COMPLETED,"Fargo Fitness",on-site
"2026-04-15T18:10:00.000+00:00",Booking,COMPLETED,"Soma Club",on-site
"2026-04-15T18:10:00.000+00:00",Checkin,COMPLETED,"Soma Club",on-site
"2026-04-16T16:15:00.000+00:00",Booking,REJECTED,"TRIB3 Granvia Valencia",on-site
"2026-04-16T17:15:00.000+00:00",Booking,REJECTED,"TRIB3 Granvia Valencia",on-site
"2026-04-21T13:10:00.000+00:00",Booking,NO_SHOW,"Soma Club",on-site
"2026-05-01T11:15:00.000+00:00",Booking,REJECTED,"TRIB3 Granvia Valencia",on-site
"2026-05-01T13:30:00.000+00:00",Booking,REJECTED,"TRIB3 Granvia Valencia",on-site
"2026-05-01T15:15:00.000+00:00",Booking,REJECTED,"TRIB3 Granvia Valencia",on-site
"2026-05-01T16:15:00.000+00:00",Booking,REJECTED,"TRIB3 Granvia Valencia",on-site
"2026-05-02T10:30:00.000+00:00",Booking,COMPLETED,"Solo Cyclo",on-site
"2026-05-02T10:30:00.000+00:00",Checkin,COMPLETED,"Solo Cyclo",on-site
"2026-05-10T09:15:00.000+00:00",Booking,COMPLETED,"Solo Cyclo",on-site
"2026-05-10T09:15:00.000+00:00",Checkin,COMPLETED,"Solo Cyclo",on-site
"2026-05-11T16:15:00.000+00:00",Booking,COMPLETED,"MUSA HOUSE",on-site
"2026-05-11T16:15:00.000+00:00",Checkin,COMPLETED,"MUSA HOUSE",on-site
"2026-05-12T17:30:00.000+00:00",Booking,COMPLETED,"Fargo Fitness",on-site
"2026-05-12T17:30:00.000+00:00",Checkin,COMPLETED,"Fargo Fitness",on-site
"2026-05-13T16:15:00.000+00:00",Booking,COMPLETED,"MUSA HOUSE",on-site
"2026-05-13T16:15:00.000+00:00",Checkin,COMPLETED,"MUSA HOUSE",on-site
"2026-05-18T16:15:00.000+00:00",Booking,REJECTED,"TRIB3 Granvia Valencia",on-site
"2026-05-18T18:15:00.000+00:00",Booking,COMPLETED,"MUSA HOUSE",on-site
"2026-05-18T18:15:00.000+00:00",Checkin,COMPLETED,"MUSA HOUSE",on-site
"2026-05-19T17:30:00.000+00:00",Booking,COMPLETED,"Fargo Fitness",on-site
"2026-05-19T17:30:00.000+00:00",Checkin,COMPLETED,"Fargo Fitness",on-site
"2026-05-20T17:10:00.000+00:00",Booking,CANCELLED,"Soma Club",on-site
"2026-05-20T18:15:00.000+00:00",Booking,REJECTED,"TRIB3 Granvia Valencia",on-site
"2026-05-21T17:15:00.000+00:00",Booking,COMPLETED,"TRIB3 Granvia Valencia",on-site
"2026-05-21T17:15:00.000+00:00",Checkin,COMPLETED,"TRIB3 Granvia Valencia",on-site
"2026-05-25T17:00:00.000+00:00",Booking,COMPLETED,"Solo Cyclo",on-site
"2026-05-25T17:00:00.000+00:00",Checkin,COMPLETED,"Solo Cyclo",on-site
"2026-05-25T18:15:00.000+00:00",Booking,REJECTED,"TRIB3 Granvia Valencia",on-site
"2026-05-26T13:10:00.000+00:00",Booking,COMPLETED,"Soma Club",on-site
"2026-05-26T13:10:00.000+00:00",Checkin,COMPLETED,"Soma Club",on-site
"2026-05-27T15:00:00.000+00:00",Booking,COMPLETED,"Aero Studio Seijaku",on-site
"2026-05-27T15:00:00.000+00:00",Checkin,COMPLETED,"Aero Studio Seijaku",on-site
"2026-06-01T16:00:00.000+00:00",Booking,COMPLETED,"The Sanctuary | Holistic Fitness Studio",on-site
"2026-06-01T16:00:00.000+00:00",Checkin,COMPLETED,"The Sanctuary | Holistic Fitness Studio",on-site
"2026-06-02T17:30:00.000+00:00",Booking,COMPLETED,"Fargo Fitness",on-site
"2026-06-02T17:30:00.000+00:00",Checkin,COMPLETED,"Fargo Fitness",on-site
"2026-06-03T16:15:00.000+00:00",Booking,COMPLETED,"MUSA HOUSE",on-site
"2026-06-03T16:15:00.000+00:00",Checkin,COMPLETED,"MUSA HOUSE",on-site
