id,name,flight_number,date_utc,success,rocket_id,launchpad_id,details,upcoming
5eb87cd9ffd86e000604b32a,FalconSat,1,2006-03-24T22:30:00.000Z,False,5e9d0d95eda69955f709d1eb,5e9e4502f5090995de566f86,Engine failure at 33 seconds and loss of vehicle,False
5eb87cdaffd86e000604b32b,DemoSat,2,2007-03-21T01:10:00.000Z,False,5e9d0d95eda69955f709d1eb,5e9e4502f5090995de566f86,"Successful first stage burn and transition to second stage, maximum altitude 289 km, Premature engine shutdown at T+7 min 30 s, Failed to reach orbit, Failed to recover first stage",False
5eb87cdbffd86e000604b32c,Trailblazer,3,2008-08-03T03:34:00.000Z,False,5e9d0d95eda69955f709d1eb,5e9e4502f5090995de566f86,Residual stage 1 thrust led to collision between stage 1 and stage 2,False
5eb87cdbffd86e000604b32d,RatSat,4,2008-09-28T23:15:00.000Z,True,5e9d0d95eda69955f709d1eb,5e9e4502f5090995de566f86,"Ratsat was carried to orbit on the first successful orbital launch of any privately funded and developed, liquid-propelled carrier rocket, the SpaceX Falcon 1",False
5eb87cdcffd86e000604b32e,RazakSat,5,2009-07-13T03:35:00.000Z,True,5e9d0d95eda69955f709d1eb,5e9e4502f5090995de566f86,,False
5eb87cddffd86e000604b32f,Falcon 9 Test Flight,6,2010-06-04T18:45:00.000Z,True,5e9d0d95eda69973a809d1ec,5e9e4501f509094ba4566f84,,False
5eb87cdeffd86e000604b330,COTS 1,7,2010-12-08T15:43:00.000Z,True,5e9d0d95eda69973a809d1ec,5e9e4501f509094ba4566f84,,False
5eb87cdfffd86e000604b331,COTS 2,8,2012-05-22T07:44:00.000Z,True,5e9d0d95eda69973a809d1ec,5e9e4501f509094ba4566f84,"Launch was scrubbed on first attempt, second launch attempt was successful",False
5eb87ce0ffd86e000604b332,CRS-1,9,2012-10-08T00:35:00.000Z,True,5e9d0d95eda69973a809d1ec,5e9e4501f509094ba4566f84,"CRS-1 successful, but the secondary payload was inserted into abnormally low orbit and lost due to Falcon 9 boost stage engine failure, ISS visiting vehicle safety rules, and the primary payload owner's contractual right to decline a second ignition of the second stage under some conditions.",False
5eb87ce1ffd86e000604b333,CRS-2,10,2013-03-01T19:10:00.000Z,True,5e9d0d95eda69973a809d1ec,5e9e4501f509094ba4566f84,Last launch of the original Falcon 9 v1.0 launch vehicle,False
5eb87ce1ffd86e000604b334,CASSIOPE,11,2013-09-29T16:00:00.000Z,True,5e9d0d95eda69973a809d1ec,5e9e4502f509092b78566f87,"Commercial mission and first Falcon 9 v1.1 flight, with improved 13-tonne to LEO capacity. Following second-stage separation from the first stage, an attempt was made to perform an ocean touchdown test of the discarded booster vehicle. The test provided good test data on the experiment-its primary objective-but as the booster neared the ocean, aerodynamic forces caused an uncontrollable roll. The center engine, depleted of fuel by centrifugal force, shut down resulting in the impact and destruction of the vehicle.",False
5eb87ce2ffd86e000604b335,SES-8,12,2013-12-03T22:41:00.000Z,True,5e9d0d95eda69973a809d1ec,5e9e4501f509094ba4566f84,First GTO launch for Falcon 9,False
5eb87ce3ffd86e000604b336,Thaicom 6,13,2014-01-06T18:06:00.000Z,True,5e9d0d95eda69973a809d1ec,5e9e4501f509094ba4566f84,Second GTO launch for Falcon 9. The USAF evaluated launch data from this flight as part of a separate certification program for SpaceX to qualify to fly U.S. military payloads and found that the Thaicom 6 launch had 'unacceptable fuel reserves at engine cutoff of the stage 2 second burnoff',False
5eb87ce4ffd86e000604b337,CRS-3,14,2014-04-18T19:25:00.000Z,True,5e9d0d95eda69973a809d1ec,5e9e4501f509094ba4566f84,"Following second-stage separation, SpaceX conducted a second controlled-descent test of the discarded booster vehicle and achieved the first successful controlled ocean touchdown of a liquid-rocket-engine orbital booster. Following touchdown the first stage tipped over as expected and was destroyed. This was the first Falcon 9 booster to fly with extensible landing legs and the first Dragon mission with the Falcon 9 v1.1 launch vehicle.",False
5eb87ce4ffd86e000604b338,OG-2 Mission 1,15,2014-07-14T15:15:00.000Z,True,5e9d0d95eda69973a809d1ec,5e9e4501f509094ba4566f84,"Total payload mass was 1,316 kg (2,901 lb) : 6 satellites weighing 172 kg each, plus two 142-kg mass simulators. This was the second Falcon 9 booster equipped with landing legs. Following second-stage separation, SpaceX conducted a controlled-descent test of the first stage, which successfully decelerated from hypersonic velocity in the upper atmosphere, made reentry and landing burns, deployed its legs and touched down on the ocean surface. As with the previous mission, the first stage then tipped over as expected and was not recovered.",False
5eb87ce5ffd86e000604b339,AsiaSat 8,16,2014-08-05T08:00:00.000Z,True,5e9d0d95eda69973a809d1ec,5e9e4501f509094ba4566f84,,False
5eb87ce6ffd86e000604b33a,AsiaSat 6,17,2014-09-07T05:00:00.000Z,True,5e9d0d95eda69973a809d1ec,5e9e4501f509094ba4566f84,,False
5eb87ce7ffd86e000604b33b,CRS-4,18,2014-09-21T05:52:00.000Z,True,5e9d0d95eda69973a809d1ec,5e9e4501f509094ba4566f84,,False
5eb87ce8ffd86e000604b33c,CRS-5,19,2015-01-10T09:47:00.000Z,True,5e9d0d95eda69973a809d1ec,5e9e4501f509094ba4566f84,"Following second stage separation, SpaceX performed a test flight which attempted to return the first stage of the Falcon 9 through the atmosphere and land it on an approximately 90-by-50-meter (300 ft x 160 ft) floating platform-called the autonomous spaceport drone ship. Many of the test objectives were achieved, including precision control of the rocket's descent to land on the platform at a specific point in the Atlantic ocean, and a large amount of test data was obtained from the first use of grid fin control surfaces used for more precise reentry positioning. The grid fin control system ran out of hydraulic fluid a minute before landing and the landing itself resulted in a crash.",False
5eb87ceaffd86e000604b33d,DSCOVR,20,2015-02-11T23:03:00.000Z,True,5e9d0d95eda69973a809d1ec,5e9e4501f509094ba4566f84,First launch under USAF's OSP 3 launch contract. First SpaceX launch to put a satellite to an orbit with an orbital altitude many times the distance to the Moon: Sun-Earth libration point L1. The first stage made a test flight descent to an over-ocean landing within 10 m (33 ft) of its intended target.,False
5eb87ceaffd86e000604b33e,ABS-3A / Eutelsat 115W B,21,2015-03-02T03:50:00.000Z,True,5e9d0d95eda69973a809d1ec,5e9e4501f509094ba4566f84,"The launch was Boeing's first-ever conjoined launch of a lighter-weight dual-commsat stack that was specifically designed to take advantage of the lower-cost SpaceX Falcon 9 launch vehicle. Per satellite, launch costs were less than $30 million. The ABS satellite reached its final destination ahead of schedule and started operations on September 10.",False
5eb87cecffd86e000604b33f,CRS-6,22,2015-04-14T20:10:00.000Z,True,5e9d0d95eda69973a809d1ec,5e9e4501f509094ba4566f84,"Following the first-stage boost, SpaceX attempted a controlled-descent test of the first stage. The first stage contacted the ship, but soon tipped over due to excess lateral velocity caused by a stuck throttle valve resulting in a later-than-intended downthrottle.",False
5eb87cedffd86e000604b340,TürkmenÄlem 52°E / MonacoSAT,23,2015-04-27T23:03:00.000Z,True,5e9d0d95eda69973a809d1ec,5e9e4501f509094ba4566f84,,False
5eb87ceeffd86e000604b341,CRS-7,24,2015-06-28T14:21:00.000Z,False,5e9d0d95eda69973a809d1ec,5e9e4501f509094ba4566f84,"Launch performance was nominal until an overpressure incident in the second-stage LOX tank, leading to vehicle breakup at T+150 seconds. The Dragon capsule survived the explosion but was lost upon splashdown because its software did not contain provisions for parachute deployment on launch vehicle failure.",False
5eb87cefffd86e000604b342,OG-2 Mission 2,25,2015-12-22T01:29:00.000Z,True,5e9d0d95eda69973a809d1ec,5e9e4501f509094ba4566f84,"Total payload mass was 2,034 kg (4,484 lb) : 11 satellites weighing 172 kg each, plus a 142-kg mass simulator. This was the first launch of the upgraded v1.1 variant (later called Falcon 9 Full Thrust), with a 30 percent power increase. Orbcomm had originally agreed to be the third flight of the enhanced-thrust rocket, but the change to the maiden flight position was announced in October 2015. SpaceX received a permit from the FAA to land the booster on solid ground at Cape Canaveral, and succeeded.",False
5eb87cf0ffd86e000604b343,Jason 3,26,2016-01-17T15:42:00.000Z,True,5e9d0d95eda69973a809d1ec,5e9e4502f509092b78566f87,"First launch of NASA and NOAA joint science mission under the NLS II launch contract (not related to NASA CRS or USAF OSP3 contracts). Last launch of the original Falcon 9 v1.1 launch vehicle. The Jason-3 satellite was successfully deployed to target orbit. SpaceX again attempted a recovery of the first stage booster by landing on an autonomous drone ship; this time located in the Pacific Ocean. The first stage did achieve a soft-landing on the ship, but a lockout on one of the landing legs failed to latch, so that the booster fell over and exploded.",False
5eb87cf2ffd86e000604b344,SES-9,27,2016-03-04T23:35:00.000Z,True,5e9d0d95eda69973a809d1ec,5e9e4501f509094ba4566f84,"Second launch of the enhanced Falcon 9 Full Thrust launch vehicle. Following the launch, SpaceX attempted an experimental landing test to a drone ship, although a successful landing was not expected because launch mass exceeded previously indicated limit for a GTO there was little fuel left. As predicted, booster recovery failed: the spent first stage 'landed hard', but the controlled-descent, atmospheric re-entry and navigation to the drone ship were successful and returned significant test data on bringing back high-energy Falcon 9s.",False
5eb87cf3ffd86e000604b345,CRS-8,28,2016-04-08T20:43:00.000Z,True,5e9d0d95eda69973a809d1ec,5e9e4501f509094ba4566f84,"Dragon carried over 1500 kg of supplies and delivered (stowed in its trunk) the inflatable Bigelow Expandable Activity Module (BEAM) to the ISS for two years of in-orbit tests. The rocket's first stage landed smoothly on SpaceX's autonomous spaceport drone ship 9 minutes after liftoff, making this the first ever successful landing of a rocket booster on a ship at sea as part of an orbital launch. The first stage B1021 was later also the first orbital booster to be used again, when launching SES-10 on March 30, 2017.",False
5eb87cf5ffd86e000604b346,JCSAT-2B,29,2016-05-06T05:21:00.000Z,True,5e9d0d95eda69973a809d1ec,5e9e4501f509094ba4566f84,"Launched the JCSAT 14 communications satellite for Tokyo-based SKY Perfect JSAT Corp. JCSAT 14 will support data networks, television broadcasters and mobile communications users in Japan, East Asia, Russia, Oceania, Hawaii and other Pacific islands. This was the first time a booster successfully landed after a GTO mission.",False
5eb87cf6ffd86e000604b347,Thaicom 8,30,2016-05-27T21:39:00.000Z,True,5e9d0d95eda69973a809d1ec,5e9e4501f509094ba4566f84,"Manufactured by Orbital ATK, the 3,100-kilogram (6,800 lb) Thaicom 8 communications satellite will serve Thailand, India and Africa from the 78.5° East geostationary location. It is equipped with 24 active Ku-band transponders.",False
5eb87cf8ffd86e000604b348,ABS-2A / Eutelsat 117W B,31,2016-06-15T14:29:00.000Z,True,5e9d0d95eda69973a809d1ec,5e9e4501f509094ba4566f84,"One year after pioneering this technique on flight 16, Falcon again launched two Boeing 702SP gridded ion thruster satellites in a dual-stack configuration, with the two customers sharing the rocket and mission costs. First stage landing attempt on drone ship failed on landing due to low thrust on one of the three landing engines.",False
5eb87cf9ffd86e000604b349,CRS-9,32,2016-07-18T04:45:00.000Z,True,5e9d0d95eda69973a809d1ec,5e9e4501f509094ba4566f84,"Among other cargo, an International Docking Adapter (IDA-2) was carried to the ISS. This mission had a successful first-stage landing at Cape Canaveral.*Including the reusable Dragon Capsule, total payload to orbit was 6457 kg.",False
5eb87cfaffd86e000604b34a,JCSAT-16,33,2016-08-14T05:26:00.000Z,True,5e9d0d95eda69973a809d1ec,5e9e4501f509094ba4566f84,"First attempt to touch down from a ballistic trajectory using a single-engine landing burn. All previous landings from a ballistic trajectory had fired three engines on the landing-burn, which provided more braking force, but subjected the vehicle to greater structural stresses. The single-engine landing burn takes more time and fuel, but puts less stress on the vehicle.",False
5eb87cfbffd86e000604b34b,Amos-6,34,2016-09-01T13:07:00.000Z,False,5e9d0d95eda69973a809d1ec,5e9e4501f509094ba4566f84,"The rocket and Amos-6 payload were lost in a launch pad explosion on September 1, 2016 during propellant fill prior to a static fire test. The pad was clear of personnel and there were no injuries.",False
5eb87cfdffd86e000604b34c,Iridium NEXT Mission 1,35,2017-01-14T17:54:00.000Z,True,5e9d0d95eda69973a809d1ec,5e9e4502f509092b78566f87,"Return-to-flight mission after the loss of Amos-6 in September 2016. Iridium NEXT will replace the original Iridium constellation, launched in the late 1990s. Each Falcon mission will carry 10 satellites, with a goal to complete deployment of the 66 plus 9 spare satellite constellation by mid 2018. The first two Iridium qualification units were supposed to ride a Dnepr rocket in April 2016 but were delayed, so Iridium decided to qualify the first batch of 10 satellites instead.",False
5eb87cfeffd86e000604b34d,CRS-10,36,2017-02-19T14:39:00.000Z,True,5e9d0d95eda69973a809d1ec,5e9e4502f509094188566f88,"First Falcon 9 flight from the historic LC-39A launchpad at Kennedy Space Center, carrying supplies and materials to support dozens of science and research investigations scheduled during ISS Expeditions 50 and 51. The first stage returned to launch site and landed at LZ-1.",False
5eb87cfeffd86e000604b34e,EchoStar 23,37,2017-03-16T06:00:00.000Z,True,5e9d0d95eda69973a809d1ec,5e9e4502f509094188566f88,"Communications satellite for EchoStar Corp. EchoStar XXIII, based on a spare platform from the cancelled CMBStar 1 satellite program, will provide direct-to-home television broadcast services over Brazil. There was no attempt at a first-stage recovery so this rocket did not have landing legs or grid fins.",False
5eb87d00ffd86e000604b34f,SES-10,38,2017-03-30T22:27:00.000Z,True,5e9d0d95eda69973a809d1ec,5e9e4502f509094188566f88,"First payload to fly on a reused first stage, B1021, previously launched with CRS-8, which also landed a second time. In what is also a first, the payload fairing remained intact after a successful splashdown achieved with thrusters and a steerable parachute.",False
5eb87d01ffd86e000604b350,NROL-76,39,2017-05-01T11:15:00.000Z,True,5e9d0d95eda69973a809d1ec,5e9e4502f509094188566f88,"First launch under SpaceX's certification for national security space missions, which allows SpaceX to contract launch services for classified payloads. Second-stage speed and altitude telemetry were omitted from the launch webcast, which displayed first-stage telemetry instead, with continuous tracking of the booster from liftoff to landing for the first time.",False
5eb87d01ffd86e000604b351,Inmarsat-5 F4,40,2017-05-15T23:21:00.000Z,True,5e9d0d95eda69973a809d1ec,5e9e4502f509094188566f88,"At 6,070 kg this was the heaviest payload launched to GTO by a Falcon 9 rocket. The launch was originally scheduled for the Falcon Heavy, but performance improvements allowed the mission to be carried out by an expendable Falcon 9 instead.",False
5eb87d03ffd86e000604b352,CRS-11,41,2017-06-03T21:07:00.000Z,True,5e9d0d95eda69973a809d1ec,5e9e4502f509094188566f88,"This mission delivered the Neutron Star Interior Composition Explorer (NICER) to the ISS, along with the MUSES Earth imaging platform and ROSA solar array. For the first time, this mission launched a refurbished Dragon capsule, serial number C106 which first flew in September 2014 on the CRS-4 mission. Originally scheduled to launch on June 1, but was scrubbed due to inclement weather.",False
5eb87d04ffd86e000604b353,BulgariaSat-1,42,2017-06-23T19:10:00.000Z,True,5e9d0d95eda69973a809d1ec,5e9e4502f509094188566f88,Second time a booster will be reused: Second flight of B1029 after the Iridium mission of January 2017. The satellite will be the first commercial Bulgarian-owned communications satellite and it will provide television broadcasts and other communications services over southeast Europe.,False
5eb87d05ffd86e000604b354,Iridium NEXT Mission 2,43,2017-06-25T20:25:00.000Z,True,5e9d0d95eda69973a809d1ec,5e9e4502f509092b78566f87,First flight with titanium grid fins to improve control authority and better cope with heat during re-entry.,False
5eb87d06ffd86e000604b355,Intelsat 35e,44,2017-07-05T23:35:00.000Z,True,5e9d0d95eda69973a809d1ec,5e9e4502f509094188566f88,"Due to the constraints of sending a heavy satellite (~6,000 kg) to GTO, the rocket will fly in its expendable configuration and the first-stage booster will not be recovered.",False
5eb87d07ffd86e000604b356,CRS-12,45,2017-08-14T16:31:00.000Z,True,5e9d0d95eda69973a809d1ec,5e9e4502f509094188566f88,"Dragon is expected to carry 2,349 kg (5,179 lb) of pressurized mass and 961 kg (2,119 lb) unpressurized. The external payload manifested for this flight is the CREAM cosmic-ray detector. First flight of the Falcon 9 Block 4 upgrade. Last flight of a newly-built Dragon capsule; further missions will use refurbished spacecraft.",False
5eb87d08ffd86e000604b357,FormoSat-5,46,2017-08-24T18:50:00.000Z,True,5e9d0d95eda69973a809d1ec,5e9e4502f509092b78566f87,Formosat-5 is an Earth observation satellite of the Taiwanese space agency. The SHERPA space tug by Spaceflight Industries was removed from the cargo manifest of this mission. The satellite has a mass of only 475 kg.,False
5eb87d09ffd86e000604b358,Boeing X-37B OTV-5,47,2017-09-07T13:50:00.000Z,True,5e9d0d95eda69973a809d1ec,5e9e4502f509094188566f88,"Notable because Boeing is the primary contractor of the X-37B, which has until now been launched by ULA, a SpaceX competitor and Boeing partnership. Second flight of the Falcon 9 Block 4 upgrade.",False
5eb87d0affd86e000604b359,Iridium NEXT Mission 3,48,2017-10-09T12:37:00.000Z,True,5e9d0d95eda69973a809d1ec,5e9e4502f509092b78566f87,Third of eight missions to launch Iridium's second generation constellation from VAFB,False
5eb87d0cffd86e000604b35a,SES-11 / Echostar 105,49,2017-10-11T22:53:00.000Z,True,5e9d0d95eda69973a809d1ec,5e9e4502f509094188566f88,"Nineteenth comsat to GTO, also the fourth satellite launched for SES and second for Echostar. Third time a first stage booster will be reused.",False
5eb87d0dffd86e000604b35b,KoreaSat 5A,50,2017-10-30T19:34:00.000Z,True,5e9d0d95eda69973a809d1ec,5e9e4502f509094188566f88,"KoreaSat 5A is a Ku-band satellite capable of providing communication services from East Africa and Central Asia to southern India, Southeast Asia, the Philippines, Guam, Korea, and Japan. The satellite will be placed in GEO at 113Â° East Longitude, and will provide services ranging from broadband internet to broadcasting services and maritime communications.",False
5eb87d0effd86e000604b35c,CRS-13,51,2017-12-15T15:36:00.000Z,True,5e9d0d95eda69973a809d1ec,5e9e4501f509094ba4566f84,Will reuse the Dragon capsule previously flown on CRS-6 and will reuse the booster from CRS-11.,False
5eb87d0fffd86e000604b35d,Iridium NEXT Mission 4,52,2017-12-23T01:27:23.000Z,True,5e9d0d95eda69973a809d1ec,5e9e4502f509092b78566f87,"Reusing the booster first used on Iridium-2, but will be flying expendable.",False
5eb87d10ffd86e000604b35e,ZUMA,53,2018-01-08T01:00:00.000Z,True,5e9d0d95eda69973a809d1ec,5e9e4501f509094ba4566f84,"Originally planned for mid-November 2017, the mission was delayed due to test results from the fairing of another customer. First-stage booster will attempt landing at LZ-1",False
5eb87d11ffd86e000604b35f,SES-16 / GovSat-1,54,2018-01-31T21:25:00.000Z,True,5e9d0d95eda69973a809d1ec,5e9e4501f509094ba4566f84,"Reused booster from the classified NROL-76 mission in May 2017. Following a successful experimental ocean landing that used three engines, the booster unexpectedly remained intact; Elon Musk stated in a tweet that SpaceX will attempt to tow the booster to shore.",False
5eb87d13ffd86e000604b360,Falcon Heavy Test Flight,55,2018-02-06T20:45:00.000Z,True,5e9d0d95eda69974db09d1ed,5e9e4502f509094188566f88,"The launch was a success, and the side boosters landed simultaneously at adjacent ground pads. Drone ship landing of the central core failed. Final burn to heliocentric mars-earth orbit was successful after the second stage and payload passed through the Van Allen belts.",False
5eb87d14ffd86e000604b361,Paz / Starlink Demo,56,2018-02-22T14:17:00.000Z,True,5e9d0d95eda69973a809d1ec,5e9e4502f509092b78566f87,First flight with fairing 2.0. Will also carry two SpaceX test satellites for the upcoming Starlink constellation.,False
5eb87d15ffd86e000604b362,Hispasat 30W-6,57,2018-03-06T05:33:00.000Z,True,5e9d0d95eda69973a809d1ec,5e9e4501f509094ba4566f84,Launched with landing legs and titanium grid fins. Did not attempt a landing due to 'unfavorable weather conditions in the recovery area'.,False
5eb87d16ffd86e000604b363,Iridium NEXT Mission 5,58,2018-03-30T14:13:51.000Z,True,5e9d0d95eda69973a809d1ec,5e9e4502f509092b78566f87,"Fifth Iridium NEXT mission to deploy ten Iridium NEXT satellites. Reused booster from third Iridium flight, and although controlled descent was performed, the booster was expended into the ocean. SpaceX planned a second recovery attempt of one half of the fairing using the specially modified boat Mr. Steven. However, the fairing's parafoil twisted during the recovery, which led to water impact at high speed",False
5eb87d16ffd86e000604b364,CRS-14,59,2018-04-02T20:30:41.000Z,True,5e9d0d95eda69973a809d1ec,5e9e4501f509094ba4566f84,"The launch used a refurbished booster (from CRS-12) for the 11th time, and a refurbished capsule (C110 from CRS-8) for the third time. External payloads include a materials research platform MISSE-FF phase 3 of the Robotic Refueling Mission TSIS, heliophysics sensor several crystallization experiments, and the RemoveDebris spacecraft aimed at space junk removal. The booster was expended in order to test a new landing profile.",False
5eb87d18ffd86e000604b365,TESS,60,2018-04-18T22:51:00.000Z,True,5e9d0d95eda69973a809d1ec,5e9e4501f509094ba4566f84,"Part of the Explorers program, this space telescope is intended for wide-field search of exoplanets transiting nearby stars. It is the first NASA high priority science mission launched by SpaceX. It was the first time SpaceX launched a scientific satellite not primarily intended for Earth observations. The second stage placed it into a high-Earth elliptical orbit, after which the satellite's own booster will perform complex maneuvers including a lunar flyby, and over the course of two months, reach a stable, 2:1 resonant orbit with the Moon. In January 2018, SpaceX received NASA's Launch Services Program Category 2 certification of its Falcon 9 'Full Thrust', certification which is required for launching medium risk missions like TESS. It was the last launch of a new Block 4 booster, and marked the 24th successful recovery of the booster. An experimental water landing was performed in order to attempt fairing recovery.",False
5eb87d19ffd86e000604b366,Bangabandhu-1,61,2018-05-11T20:14:00.000Z,True,5e9d0d95eda69973a809d1ec,5e9e4502f509094188566f88,First launch of a Block V first stage.,False
5eb87d1affd86e000604b367,Iridium NEXT Mission 6,62,2018-05-22T19:47:58.000Z,True,5e9d0d95eda69973a809d1ec,5e9e4502f509092b78566f87,GFZ arranged a rideshare of GRACE-FO on a Falcon 9 with Iridium following the cancellation of their Dnepr launch contract in 2015. Iridium CEO Matt Desch disclosed in September 2017 that GRACE-FO would be launched on the sixth Iridium NEXT mission. The booster reuse turnaround was a record 4.5 months between flights.,False
5eb87d1bffd86e000604b368,SES-12,63,2018-06-04T04:45:00.000Z,True,5e9d0d95eda69973a809d1ec,5e9e4501f509094ba4566f84,"SES-12, the replacement satellite for NSS-6, was successfully launched and deployed on June 4th, completing SpaceX's eleventh flight of 2018. According to SES Luxembourg, The SES-12 satellite will expand SES’s capabilities to provide direct-to-home (DTH) broadcasting, VSAT, Mobility and High Throughput Satellite (HTS) data connectivity services in the Middle East and the Asia-Pacific region, including rapidly growing markets such as India and Indonesia. [SES-12] will be co-located with SES-8",False
5eb87d1cffd86e000604b369,CRS-15,64,2018-06-29T09:42:00.000Z,True,5e9d0d95eda69973a809d1ec,5e9e4501f509094ba4566f84,"Payload included MISSE-FF 2, ECOSTRESS, and a Latching End Effector. The refurbished booster featured a record 2.5 months period turnaround from its original launch of the TESS satellite — the fastest previous was 4.5 months. This was the last commercial flight of a Block 4 booster, which was expended into the Atlantic without landing legs and grid fins.",False
5eb87d1effd86e000604b36a,Telstar 19V,65,2018-07-22T05:50:00.000Z,True,5e9d0d95eda69973a809d1ec,5e9e4501f509094ba4566f84,"SSL-manufactured communications satellite intended to be placed at 63° West over the Americas. At 7,075 kg, it became the heaviest commercial communications satellite ever launched.",False
5eb87d1fffd86e000604b36b,Iridium NEXT Mission 7,66,2018-07-25T11:39:26.000Z,True,5e9d0d95eda69973a809d1ec,5e9e4502f509092b78566f87,"SpaceX's fourteenth flight of 2018 and seventh of eight launches in a half-a-billion-dollar contract with Iridium. Will use a Block 5 first stage, to be recovered in the Pacific Ocean. Only one mission will be left for Iridium, with 10 more satellites. First attempt to recover a Fairing with the upgraded net. Fairing recovery was not successful.",False
5eb87d20ffd86e000604b36c,Merah Putih,67,2018-08-07T05:18:00.000Z,True,5e9d0d95eda69973a809d1ec,5e9e4501f509094ba4566f84,SpaceX's fifteenth flight of 2018 launched the Merah Putih (also known as Telkom-4) geostationary communications satellite for Telkom Indonesia. It marked the first reuse of any Block 5 first stage; the booster B1046 had previously launched Bangabandhu-1. The stage was recovered and is expected to become the first Falcon 9 booster to fly three missions.,False
5eb87d22ffd86e000604b36d,Telstar 18V,68,2018-09-10T04:45:00.000Z,True,5e9d0d95eda69973a809d1ec,5e9e4501f509094ba4566f84,"SpaceX's sixteenth flight of 2018 launched the Telstar 18v GEO communication satellite for Telesat, the second launch for the canadian company in a few months. The first stage was a new Falcon 9 V1.2 Block 5 which was successfully recovered on OCISLY.",False
5eb87d23ffd86e000604b36e,SAOCOM 1A,69,2018-10-08T02:22:00.000Z,True,5e9d0d95eda69973a809d1ec,5e9e4502f509092b78566f87,"SpaceX's seventeenth flight of 2018 was the first launch of the Saocom Earth observation satellite constellation of the Argentine Space Agency CONAE. The second launch of Saocom 1B will happen in 2019. This flight marked the first RTLS launch out of Vandenberg, with a landing on the concrete pad at SLC-4W, very close to the launch pad.",False
5eb87d24ffd86e000604b36f,Es’hail 2,70,2018-11-15T20:46:00.000Z,True,5e9d0d95eda69973a809d1ec,5e9e4502f509094188566f88,SpaceX's eighteenth flight of 2018 was its first for Es'hailSat. Es'hail-2 is a communications satellite delivering television and internet to Qatar and the surrounding region. It was launched into a geostationary transfer orbit from LC-39A at Kennedy Space Center. The booster landed on OCISLY.,False
5eb87d25ffd86e000604b370,SSO-A,71,2018-12-03T18:34:00.000Z,True,5e9d0d95eda69973a809d1ec,5e9e4502f509092b78566f87,SpaceX's nineteenth flight of 2018 will fly SSO-A: SmallSat Express out of Vandenberg SLC-4E for Spaceflight. SSO-A is a rideshare to sun synchronus low earth orbit consisting of 64 individual microsatellites and cubesats. It is also likely to be the third flight of core B1046 which previously flew Bangabandhu-1 and Merah Putih. If this happens it will be the first time a Falcon 9 has flown more than two missions. ,False
5eb87d26ffd86e000604b371,CRS-16,72,2018-12-05T18:16:00.000Z,True,5e9d0d95eda69973a809d1ec,5e9e4501f509094ba4566f84,"SpaceX's 16th Crew Resupply Mission on behalf of NASA, with a total of 20 contracted flights. This will bring essential supplies to the International Space Station using SpaceX's reusable Dragon spacecraft. The Falcon 9 will launch from SLC-40 at Cape Canaveral Air Force Station. During the landing of the first stage, a grid fin hydraulic pump stalled, causing the core to enter an uncontrolled roll, and resulting in a (succesful) water landing.",False
5eb87d27ffd86e000604b372,GPS III SV01,73,2018-12-23T13:51:00.000Z,True,5e9d0d95eda69973a809d1ec,5e9e4501f509094ba4566f84,SpaceX's twenty-first flight of 2018 launched the first of the new GPS III satellites (Block IIIA) for the United States Air Force and was SpaceX's first EELV mission. The spacecraft was delivered to a MEO transfer orbit from SLC-40 at Cape Canaveral Air Force Station. This mission was the first to fly with the redesigned COPV on the first stage (B1054) as well as the second. The booster was expended.,False
5eb87d28ffd86e000604b373,Iridium NEXT Mission 8,74,2019-01-11T15:31:00.000Z,True,5e9d0d95eda69973a809d1ec,5e9e4502f509092b78566f87,"SpaceX's first flight of 2019 will be the eighth and final launch of its planned Iridium flights. Delivering 10 satellites to low earth orbit, this brings the total up to 75 and completes the Iridium NEXT constellation. This mission launches from SLC-4E at Vandenberg AFB. The booster is expected to land on JRTI.",False
5eb87d2affd86e000604b374,Nusantara Satu (PSN-6) / S5 / Beresheet,75,2019-02-22T01:45:00.000Z,True,5e9d0d95eda69973a809d1ec,5e9e4501f509094ba4566f84,"SpaceX will launch this rideshare to GTO for Space Systems Loral (SSL). The primary payload for this mission is Nusantara Satu, a communications satellite built by SSL for the private Indonesian company PT Pasifik Satelit Nusantara (PSN). Spaceflight Industries' GTO-1 mission consists of two secondary payloads. One of those is Beresheet, the lunar lander built by the Israeli non-profit organization, SpaceIL. Beresheet will make its own way to the moon from GTO. The other secondary is Air Force Research Lab's (Space Situational Awareness) S5 mission, which hitches a ride to GEO aboard Nusantara Satu. This mission launches from SLC-40 at Cape Canaveral AFS. The booster is expected to land on OCISLY.",False
5eb87d2bffd86e000604b375,CCtCap Demo Mission 1,76,2019-03-02T07:45:00.000Z,True,5e9d0d95eda69973a809d1ec,5e9e4502f509094188566f88,"Demonstration Mission 1 (DM-1) will launch Dragon 2 as part of NASA's Commercial Crew Transportation Capability program. This mission will demonstrate Dragon 2, and Falcon 9 in its configuration for crewed missions. DM-1 will launch from LC-39A at Kennedy Space Center, likely carrying some cargo to the International Space Station. The booster is expected to land on OCISLY.",False
5eb87d2dffd86e000604b376,ArabSat 6A,77,2019-04-11T22:35:00.000Z,True,5e9d0d95eda69974db09d1ed,5e9e4502f509094188566f88,"SpaceX will launch Arabsat 6A to a geostationary transfer orbit from SLC-39A, KSC. The satellite is a geostationary telecommunications satellite built by Lockheed Martin for the Saudi Arabian company Arabsat. This will be the first operational flight of Falcon Heavy, and also the first Block 5 Falcon Heavy. All three cores will be new Block 5 cores. The side cores are expected to land at LZ-1 and LZ-2, and the center core is expected to land on OCISLY.",False
5eb87d2effd86e000604b377,CRS-17,78,2019-05-04T06:48:00.000Z,True,5e9d0d95eda69973a809d1ec,5e9e4501f509094ba4566f84,"SpaceX's 17th Commercial Resupply Services mission for NASA out of a total of 20 contracted flights, this mission brings essential supplies to the International Space Station using SpaceX's reusable Dragon 1 spacecraft. The external payloads for this mission include Orbital Carbon Observatory 3 and Space Test Program-Houston 6. The Falcon 9 launches from SLC-40 at Cape Canaveral AFS. The booster was expected to land at LZ-1, however, due to the ongoing investigation and clean-up following the Crew Dragon testing incident, it is likely to land on OCISLY instead.     ",False
5eb87d30ffd86e000604b378,Starlink v0.9,79,2019-05-24T02:30:00.000Z,True,5e9d0d95eda69973a809d1ec,5e9e4501f509094ba4566f84,"SpaceX will launch dozens of Starlink demonstration satellites from SLC-40, Cape Canaveral AFS. Starlink is a low Earth orbit broadband internet constellation developed and owned by SpaceX which will eventually consist of nearly 12 000 satellites and will provide low latency internet service to ground terminals around the world. Two prototype satellites, Microsats 2a and 2b, were launched from Vandenberg AFB in February 2018. The booster for this mission will land on OCISLY.",False
5eb87d31ffd86e000604b379,RADARSAT Constellation,80,2019-06-12T14:17:00.000Z,True,5e9d0d95eda69973a809d1ec,5e9e4502f509092b78566f87,"SpaceX is launching the three satellite RADARSAT Constellation Mission into Sun Synchronous orbit from SLC-4E, VAFB. The RCM spacecraft are synthetic aperture radar (SAR) Earth observation satellites built by the Canadian space company, MDA, for the Canadian Space Agency. This mission was delayed when the originally slated booster failed to land after CRS-16. The booster is expected to return to LZ-4.",False
5eb87d35ffd86e000604b37a,STP-2,81,2019-06-25T03:30:00.000Z,True,5e9d0d95eda69974db09d1ed,5e9e4502f509094188566f88,"Space Test Program 2 is a rideshare managed by the U.S. Air Force Space and Missile Systems Center (SMC), launching from LC-39A, KSC. Most of the spacecraft will be delivered into low Earth orbit (LEO) in two deployment sequences separated by a second stage burn. These LEO payloads include the six Taiwan and United States owned COSMIC-2 microsatellites, the Planetary Society's LightSail-B demonstrator cubesat, and others. The third and final deployment will be the Air Force Research Lab's DSX spacecraft, which will be delivered to a medium Earth orbit (MEO). This mission will reuse the side cores from Arabsat 6A, which will return to LZ-1, and LZ-2. The new center core will boost back to land on OCISLY less than 40 km from the launch site.",False
5eb87d36ffd86e000604b37b,CRS-18,82,2019-07-25T22:01:00.000Z,True,5e9d0d95eda69973a809d1ec,5e9e4501f509094ba4566f84,"SpaceX's 18th Commercial Resupply Services mission out of a total of 20 such contracted flights for NASA, this launch will deliver essential supplies to the International Space Station using the reusable Dragon 1 cargo spacecraft. The external payload for this mission is International Docking Adapter 3, replacing IDA-1 lost in SpaceX's CRS-7 launch failure. This mission will launch from SLC-40 at Cape Canaveral AFS on a Falcon 9, and the first-stage booster is expected to land back at CCAFS LZ-1.",False
5eb87d37ffd86e000604b37c,Amos-17,83,2019-08-06T22:52:00.000Z,True,5e9d0d95eda69973a809d1ec,5e9e4501f509094ba4566f84,"SpaceX will launch Boeing built Amos-17, a geostationary communications satellite for Israeli company Spacecom. The satellite will be delivered to GTO from KSC LC-39A or possibly CCAFS SLC-40, and will replace the defunct Amos-5 at 17° E. Amos-17 carries multi-band high throughput and regional beams servicing Africa, Europe and the Middle East. The cost of this launch is covered for Spacecom by SpaceX credit following the Amos-6 incident. A recovery of the booster for this mission is not expected.",False
5eb87d39ffd86e000604b37d,Starlink-1,84,2019-11-11T14:56:00.000Z,True,5e9d0d95eda69973a809d1ec,5e9e4501f509094ba4566f84,"This mission will launch the first batch of Starlink version 1.0 satellites, from SLC-40, Cape Canaveral AFS. They are expected to contribute to the 550 km x 53° shell. It is the second Starlink launch overall. Starlink is a low Earth orbit broadband internet constellation developed and owned by SpaceX which will eventually consist of nearly 12 000 satellites and will provide low latency internet service to ground terminals around the world. The booster for this mission is expected to land on OCISLY.",False
5eb87d39ffd86e000604b37e,CRS-19,85,2019-12-05T17:29:23.000Z,True,5e9d0d95eda69973a809d1ec,5e9e4501f509094ba4566f84,"SpaceX's 19th Crew Resupply Mission on behalf of NASA with a total of 20 contracted flights, this mission brings essential supplies to the International Space Station using SpaceX's reusable Dragon spacecraft. The external payloads for this mission include the Hyperspectral Imager Suite and a lithium-ion battery. Falcon 9 and Dragon will launch from SLC-40, Cape Canaveral AFS. The mission will be complete with return and recovery of the Dragon capsule and down cargo.",False
5eb87d3bffd86e000604b37f,JCSat 18 / Kacific 1,86,2019-12-17T00:10:00.000Z,True,5e9d0d95eda69973a809d1ec,5e9e4501f509094ba4566f84,SpaceX will launch the Boeing built dual payload satellite to geostationary transfer orbit from XXXX. JCSat 18 is a mobile broadband communications payload built for Sky Perfect JSAT Corporation of Japan and will service Asia Pacific. Kacific 1 is a high throughput broadband internet payload built for Kacific Broadband Satellites and will service certain high demand areas of Southeast Asia and the Pacific. Both payloads share a single chassis. The booster for this mission is expected to land on OCISLY.,False
5eb87d3cffd86e000604b380,Starlink-2,87,2020-01-07T02:19:00.000Z,True,5e9d0d95eda69973a809d1ec,5e9e4501f509094ba4566f84,"This mission will launch the second batch of Starlink version 1.0 satellites, from SLC-40, Cape Canaveral AFS. They are expected to contribute to the 550 km x 53° shell. It is the third Starlink launch overall. Starlink is a low Earth orbit broadband internet constellation developed and owned by SpaceX which will eventually consist of nearly 12 000 satellites and will provide low latency internet service to ground terminals around the world. The booster for this mission is expected to land on OCISLY.",False
5eb87d3dffd86e000604b381,Crew Dragon In Flight Abort Test,88,2020-01-19T14:00:00.000Z,True,5e9d0d95eda69973a809d1ec,5e9e4502f509094188566f88,"SpaceX will launch a Crew Dragon capsule from LC-39A, KSC on a fully fueled Falcon 9 rocket and then trigger the launch escape system during the period of maximum dynamic pressure. As part of NASA'a Commercial Crew Integrated Capability program (CCiCap) this test will contribute valuable data to help validate Crew Dragon and its launch abort system. The Crew Dragon will be recovered by GO Searcher after splashdown in the Atlantic Ocean. This flight does not go to orbit. The booster and upper stage are expected to break up following capsule separation and there will be no landing attempt.",False
5eb87d3fffd86e000604b382,Starlink-3,89,2020-01-29T14:06:00.000Z,True,5e9d0d95eda69973a809d1ec,5e9e4501f509094ba4566f84,"This mission will launch the third batch of Starlink version 1.0 satellites, from SLC-40, Cape Canaveral AFS. It is the fourth Starlink launch overall. The satellites will be delivered to low Earth orbit and will spend a few weeks maneuvering to their operational altitude of 550 km. The booster for this mission is expected to land on OCISLY.",False
5eb87d41ffd86e000604b383,Starlink-4,90,2020-02-17T15:05:55.000Z,True,5e9d0d95eda69973a809d1ec,5e9e4501f509094ba4566f84,"This mission will launch the fourth batch of Starlink version 1.0 satellites, from SLC-40, Cape Canaveral AFS. It is the fifth Starlink launch overall. The satellites will be delivered to low Earth orbit and will spend a few weeks maneuvering to their operational altitude of 550 km. The booster for this mission is expected to land on OCISLY.",False
5eb87d42ffd86e000604b384,CRS-20,91,2020-03-07T04:50:31.000Z,True,5e9d0d95eda69973a809d1ec,5e9e4501f509094ba4566f84,"SpaceX's 20th and final Crew Resupply Mission under the original NASA CRS contract, this mission brings essential supplies to the International Space Station using SpaceX's reusable Dragon spacecraft. It is the last scheduled flight of a Dragon 1 capsule. (CRS-21 and up under the new Commercial Resupply Services 2 contract will use Dragon 2.) The external payload for this mission is the Bartolomeo ISS external payload hosting platform. Falcon 9 and Dragon will launch from SLC-40, Cape Canaveral Air Force Station and the booster will land at LZ-1. The mission will be complete with return and recovery of the Dragon capsule and down cargo.",False
5eb87d43ffd86e000604b385,Starlink-5,92,2020-03-18T12:16:00.000Z,True,5e9d0d95eda69973a809d1ec,5e9e4502f509094188566f88,"The sixth Starlink launch overall and the fifth operational batch of Starlink satellites will launch into orbit aboard a Falcon 9 rocket. This mission is expected to deploy all sixty satellites into an elliptical orbit about fifteen minutes into flight. In the weeks following launch the satellites are expected to utilize their onboard ion thrusters to raise their orbits to 550 km in three groups of 20, making use of precession rates to separate themselves into three planes. The booster will land on a drone ship approximately 628 km downrange.",False
5eb87d44ffd86e000604b386,Starlink-6,93,2020-04-22T19:30:00.000Z,True,5e9d0d95eda69973a809d1ec,5e9e4502f509094188566f88,"This mission will launch the sixth batch of operational Starlink satellites, which are expected to be version 1.0, from SLC-40, Cape Canaveral AFS. It is the seventh Starlink launch overall. The satellites will be delivered to low Earth orbit and will spend a few weeks maneuvering to their operational altitude of 550 km. The booster for this mission is expected to land on OCISLY.",False
5eb87d46ffd86e000604b388,CCtCap Demo Mission 2,94,2020-05-30T19:22:00.000Z,True,5e9d0d95eda69973a809d1ec,5e9e4502f509094188566f88,"SpaceX will launch the second demonstration mission of its Crew Dragon vehicle as part of NASA's Commercial Crew Transportation Capability Program (CCtCap), carrying two NASA astronauts to the International Space Station. Barring unexpected developments, this mission will be the first crewed flight to launch from the United States since the end of the Space Shuttle program in 2011. DM-2 demonstrates the Falcon 9 and Crew Dragon's ability to safely transport crew to the space station and back to Earth and it is the last major milestone for certification of Crew Dragon. Initially the mission duration was planned to be no longer than two weeks, however NASA has been considering an extension to as much as six weeks or three months. The astronauts have been undergoing additional training for the possible longer mission.",False
5eb87d45ffd86e000604b387,Starlink-7,95,2020-06-04T01:25:00.000Z,True,5e9d0d95eda69973a809d1ec,5e9e4501f509094ba4566f84,"This mission will launch the seventh batch of operational Starlink satellites, which are expected to be version 1.0, from SLC-40, Cape Canaveral AFS. It is the eighth Starlink launch overall. The satellites will be delivered to low Earth orbit and will spend a few weeks maneuvering to their operational altitude of 550 km. The booster for this mission is expected to land on JRTI on its first mission since arriving at Port Canaveral.",False
5eb87d46ffd86e000604b389,Starlink-8 & SkySat 16-18,96,2020-06-13T09:21:00.000Z,True,5e9d0d95eda69973a809d1ec,5e9e4501f509094ba4566f84,"This mission will launch the eighth batch of operational Starlink satellites, which are expected to be version 1.0, from SLC-40, Cape Canaveral AFS. It is the ninth Starlink launch overall. The satellites will be delivered to low Earth orbit and will spend a few weeks maneuvering to their operational altitude of 550 km. This mission is includes rideshare payloads, SkySats 16-18, on top of the Starlink stack. The booster for this mission is expected to land an ASDS.",False
5eb87d4affd86e000604b38b,GPS III SV03 (Columbus),97,2020-06-30T19:55:00.000Z,True,5e9d0d95eda69973a809d1ec,5e9e4501f509094ba4566f84,"SpaceX will launch GPS Block III Space Vehicle 03 from SLC-40, Cape Canaveral AFS aboard a Falcon 9. GPS III is owned and operated by the US Air Force and produced by Lockheed Martin. This is the third GPS III satellite and the second launched by SpaceX. The satellite will be delivered into a MEO transfer orbit. The booster for this mission is expected to land on an ASDS.",False
5eb87d50ffd86e000604b394,ANASIS-II,98,2020-07-20T21:30:00.000Z,True,5e9d0d95eda69973a809d1ec,5e9e4501f509094ba4566f84,"SpaceX will launch ANASIS-II, a South Korean geostationary military communication satellite from LC-39A, Kennedy Space Center. It will be South Korea's first dedicated military communications satellite. Falcon 9 will deliver the satellite to a geostationary transfer orbit. The booster is expected to land downrange on an ASDS.",False
5ed9819a1f30554030d45c29,Starlink-9 (v1.0) & BlackSky Global 5-6,99,2020-08-07T05:12:00.000Z,True,5e9d0d95eda69973a809d1ec,5e9e4502f509094188566f88,"This mission will launch the ninth batch of operational Starlink satellites, which are expected to be version 1.0, from LC-39A, Kennedy Space Center. It is the tenth Starlink launch overall. The satellites will be delivered to low Earth orbit and will spend a few weeks maneuvering to their operational altitude of 550 km. This mission is includes a rideshare of two BlackSky satellites on top of the Starlink stack. The booster for this mission is expected to land an ASDS.",False
5ed981d91f30554030d45c2a,Starlink-10 (v1.0) & SkySat 19-21,100,2020-08-18T14:31:00.000Z,True,5e9d0d95eda69973a809d1ec,5e9e4501f509094ba4566f84,"This mission will launch the tenth batch of operational Starlink satellites, which are expected to be version 1.0, from LC-39A, Kennedy Space Center. It is the eleventh Starlink launch overall. The satellites will be delivered to low Earth orbit and will spend a few weeks maneuvering to their operational altitude of 550 km. This mission is includes rideshare payloads, SkySats 19-21, on top of the Starlink stack. The booster for this mission is expected to land on an ASDS.",False
5eb87d47ffd86e000604b38a,"SAOCOM 1B, GNOMES-1, Tyvak-0172",101,2020-08-30T23:18:00.000Z,True,5e9d0d95eda69973a809d1ec,5e9e4501f509094ba4566f84,"SpaceX's Falcon 9 will launch the second of the two satellite SAOCOM 1 satellites into a sun-synchronous polar orbit from SLC-40, Cape Canaveral AFS. SAOCOM 1B is a synthetic aperture radar Earth observation satellite to support disaster management. The SAOCOM spacecraft are operated by CONAE, the Argentinian National Space Activities Commission, and are built by INVAP. This mission is also expected to include rideshare payloads Sequoia, and GNOMES-1. This will be the first polar launch from the Space Coast in 60 years. The launch azimuth will be southward and the booster will land at LZ-1.",False
5ef6a1e90059c33cee4a828a,Starlink-11 (v1.0),102,2020-09-03T12:46:00.000Z,True,5e9d0d95eda69973a809d1ec,5e9e4502f509094188566f88,"This mission will launch the eleventh batch of operational Starlink satellites, which are expected to be version 1.0, from SLC-40, Cape Canaveral Air Force Station. It is the twelfth Starlink launch overall. The satellites will be delivered to low Earth orbit and will spend a few weeks maneuvering to their operational altitude of 550 km. The booster for this mission is expected to land on an ASDS.",False
5ef6a2090059c33cee4a828b,Starlink-12 (v1.0),103,2020-10-06T11:29:00.000Z,True,5e9d0d95eda69973a809d1ec,5e9e4502f509094188566f88,"This mission will launch the twelfth batch of operational Starlink satellites, which are expected to be version 1.0, from SLC-40, Cape Canaveral Air Force Station. It is the thirteenth Starlink launch overall. The satellites will be delivered to low Earth orbit and will spend a few weeks maneuvering to their operational altitude of 550 km. The booster for this mission is expected to land on an ASDS.",False
5ef6a2bf0059c33cee4a828c,Starlink-13 (v1.0),104,2020-10-18T12:25:00.000Z,True,5e9d0d95eda69973a809d1ec,5e9e4502f509094188566f88,"This mission will launch the thirteenth batch of operational Starlink satellites, which are expected to be version 1.0, from LC-39A, Kennedy Space Center. It is the fourteenth Starlink launch overall. The satellites will be delivered to low Earth orbit and will spend a few weeks maneuvering to their operational altitude of 550 km. The booster for this mission is expected to land on an ASDS.",False
5ef6a2e70059c33cee4a8293,Starlink-14 (v1.0),105,2020-10-24T15:31:00.000Z,True,5e9d0d95eda69973a809d1ec,5e9e4501f509094ba4566f84,"This mission will launch the fourteenth batch of operational Starlink satellites, which are expected to be version 1.0, from SLC-40, Kennedy Space Center. It is the fifteenth Starlink launch overall. The satellites will be delivered to low Earth orbit and will spend a few weeks maneuvering to their operational altitude of 550 km. The booster for this mission is expected to land on JRTI.",False
5eb87d4cffd86e000604b38d,GPS III SV04 (Sacagawea),106,2020-11-05T23:24:00.000Z,True,5e9d0d95eda69973a809d1ec,5e9e4501f509094ba4566f84,"SpaceX will launch GPS Block III Space Vehicle 04 from SLC-40, Cape Canaveral AFS aboard a Falcon 9. GPS III is owned and operated by the US Air Force and produced by Lockheed Martin. This will be the fourth GPS III satellite launched and the third launched by SpaceX. The satellite will be delivered into a MEO transfer orbit. The booster for this mission will land on an ASDS.",False
5eb87d4dffd86e000604b38e,Crew-1,107,2020-11-16T00:27:00.000Z,True,5e9d0d95eda69973a809d1ec,5e9e4502f509094188566f88,"SpaceX will launch the first operational mission of its Crew Dragon vehicle as part of NASA's Commercial Crew Transportation Capability Program (CCtCap), carrying 3 NASA astronauts and 1 JAXA astronaut to the International Space Station. This mission will be the second crewed flight to launch from the United States since the end of the Space Shuttle program in 2011.",False
5ed983aa1f30554030d45c31,Sentinel-6 Michael Freilich,108,2020-11-21T17:17:00.000Z,True,5e9d0d95eda69973a809d1ec,5e9e4502f509092b78566f87,"SpaceX will launch Sentinel-6 Michael Freilich into low Earth orbit for NASA, NOAA, ESA, and the European Organization for the Exploitation of Meteorological Satellites aboard a Falcon 9 from SLC-4E, Vandenberg Air Force Station. Sentinel-6(A) is an ocean observation satellite providing radar ocean surface altimetry data and also atmospheric temperature profiles as a secondary mission. The booster for this mission is will land at LZ-4.",False
5fb95b3f3a88ae63c954603c,Starlink-15 (v1.0),109,2020-11-25T02:13:00.000Z,True,5e9d0d95eda69973a809d1ec,5e9e4501f509094ba4566f84,"This mission will launch the fifteenth batch of operational Starlink satellites, which are version 1.0, from SLC-40, Cape Canaveral Air Force Station. It will be the sixteenth Starlink launch overall. The satellites will be delivered to low Earth orbit and will spend a few weeks maneuvering to their operational altitude of 550 km. The booster for this mission is expected to land on an ASDS.",False
5eb87d4effd86e000604b391,CRS-21,110,2020-12-06T16:17:00.000Z,True,5e9d0d95eda69973a809d1ec,5e9e4502f509094188566f88,"SpaceX's 21st ISS resupply mission on behalf of NASA and the first under the CRS-2 contract, this mission brings essential supplies to the International Space Station using the cargo variant of SpaceX's Dragon 2 spacecraft. The external payload for this mission is the Nanoracks Bishop Airlock. Falcon 9 and Dragon launch from LC-39A, Kennedy Space Center and the booster is expected to land on an ASDS. The mission will be complete with return and recovery of the Dragon capsule and down cargo.",False
5eb87d4bffd86e000604b38c,SXM-7,111,2020-12-13T17:30:00.000Z,True,5e9d0d95eda69973a809d1ec,5e9e4501f509094ba4566f84,"SpaceX will launch the first of two next generation high power S-band broadcast satellites for SiriusXM. The spacecraft will be delivered into a geostationary transfer orbit and the booster will be recovered downrange. The spacecraft is built by Space Systems Loral (SSL) on the SSL 1300 platform and includes two solar arrays producing 20kW, and an unfurlable antenna dish. SXM-7 will replace XM-3 in geostationary orbit.",False
5f8399fb818d8b59f5740d43,NROL-108,112,2020-12-19T14:00:00.000Z,True,5e9d0d95eda69973a809d1ec,5e9e4502f509094188566f88,"SpaceX will launch NROL-108 for the National Reconnaissance Office aboard a Falcon 9 from SLC-40, Cape Canaveral Air Force Station. The booster for this mission is expected to land at LZ-1.",False
5eb87d4fffd86e000604b393,Turksat 5A,113,2021-01-08T02:15:00.000Z,True,5e9d0d95eda69973a809d1ec,5e9e4501f509094ba4566f84,"SpaceX will launch the first of two next generation satellites on contract for Türksat. Türksat 5A is a Ku-band broadcast satellite built by Airbus Defense and Space and based on the Electric Orbit Raising version of the Eurostar E3000 platform. This spacecraft will be delivered into a transfer orbit and will then raise itself to its operational 31° East geostationary orbit to serve Turkey, the Middle East, Europe, North Africa and South Africa. The booster for this mission will be recovered downrange via ASDS.",False
5fbfecce54ceb10a5664c80a,Starlink-16 (v1.0),114,2021-01-20T13:02:00.000Z,True,5e9d0d95eda69973a809d1ec,5e9e4502f509094188566f88,"This mission launches the sixteenth batch of operational Starlink satellites, which are version 1.0, from SLC-40 or LC-39A. It is the seventeenth Starlink launch overall. The satellites will be delivered to low Earth orbit and will spend a few weeks maneuvering to their operational altitude. The booster is expected to land on an ASDS.",False
5fd386aa7faea57d297c86c1,Transporter-1,115,2021-01-24T15:00:00.000Z,True,5e9d0d95eda69973a809d1ec,5e9e4501f509094ba4566f84,SpaceX will launch a dedicated rideshare mission from SLC-40 or LC-39A. The spacecraft will be delivered into a sun-synchronous orbit. The booster for this mission is expected to land on an ASDS.,False
5ff6554f9257f579ee3a6c5f,Starlink-18 (v1.0),116,2021-02-04T06:19:00.000Z,True,5e9d0d95eda69973a809d1ec,5e9e4501f509094ba4566f84,"This mission launches the eighteenth batch of operational Starlink satellites, which are version 1.0, from SLC-40. It is the nineteenth Starlink launch overall. The satellites will be delivered to low Earth orbit and will spend a few weeks maneuvering to their operational altitude. The booster is expected to land on an ASDS.",False
600f9a5e8f798e2a4d5f979c,Starlink-19 (v1.0),117,2021-02-16T03:59:00.000Z,True,5e9d0d95eda69973a809d1ec,5e9e4501f509094ba4566f84,"This mission launches the eighteenth batch of operational Starlink satellites, which are version 1.0, from SLC-40. It is the nineteenth Starlink launch overall. The satellites will be delivered to low Earth orbit and will spend a few weeks maneuvering to their operational altitude. The booster is expected to land on an ASDS.",False
5fbfecfe54ceb10a5664c80b,Starlink-17 (v1.0),118,2021-03-04T08:24:00.000Z,True,5e9d0d95eda69973a809d1ec,5e9e4502f509094188566f88,"This mission launches the sixteenth batch of operational Starlink satellites, which are version 1.0, from LC-39A. It is the eighteenth Starlink launch overall. The satellites will be delivered to low Earth orbit and will spend a few weeks maneuvering to their operational altitude. The booster is expected to land on an ASDS.",False
600f9a718f798e2a4d5f979d,Starlink-20 (v1.0),119,2021-03-11T08:13:00.000Z,True,5e9d0d95eda69973a809d1ec,5e9e4501f509094ba4566f84,"This mission launches the 20th batch of operational Starlink satellites, which are version 1.0, from LC-39A or SLC-40. It is the 21st Starlink launch overall. The satellites will be delivered to low Earth orbit and will spend a few weeks maneuvering to their operational altitude. The booster is expected to land on an ASDS.",False
600f9a8d8f798e2a4d5f979e,Starlink-21 (v1.0),120,2021-03-14T10:01:00.000Z,True,5e9d0d95eda69973a809d1ec,5e9e4502f509094188566f88,"This mission launches the 21st batch of operational Starlink satellites, which are version 1.0, from LC-39A or SLC-40. It is the 22nd Starlink launch overall. The satellites will be delivered to low Earth orbit and will spend a few weeks maneuvering to their operational altitude. The booster is expected to land on an ASDS.",False
60428aafc041c16716f73cd7,Starlink-22 (v1.0),121,2021-03-24T08:28:00.000Z,True,5e9d0d95eda69973a809d1ec,5e9e4501f509094ba4566f84,"This mission launches the 22nd batch of operational Starlink satellites, which are version 1.0, from or SLC-40. It is the 23rd Starlink launch overall. The satellites will be delivered to low Earth orbit and will spend a few weeks maneuvering to their operational altitude. The booster is expected to land on an ASDS.",False
60428ac4c041c16716f73cd8,Starlink-23 (v1.0),122,2021-04-07T16:34:00.000Z,True,5e9d0d95eda69973a809d1ec,5e9e4501f509094ba4566f84,"This mission launches the 23rd batch of operational Starlink satellites, which are version 1.0, from or SLC-40 or LC-39A. It is the 24th Starlink launch overall. The satellites will be delivered to low Earth orbit and will spend a few weeks maneuvering to their operational altitude. The booster is expected to land on an ASDS.",False
5fe3af58b3467846b324215f,Crew-2,123,2021-04-23T09:49:00.000Z,True,5e9d0d95eda69973a809d1ec,5e9e4502f509094188566f88,"SpaceX launches the second operational mission of its Crew Dragon vehicle as part of NASA's Commercial Crew Program, carrying NASA astronauts Shane Kimbrough, Megan McArthur, Thomas Pesquet, and Akihiko Hoshide to the International Space Station. The Falcon 9 and Crew Dragon lift off from LC-39A, Kennedy Space Center. Both the booster and the capsule have flown previously, each a first for a commercial crew flight. The booster for this mission is expected to land on an ASDS. The mission will be complete with the safe return of the astronauts to Earth.",False
605b4b6aaa5433645e37d03f,Starlink-24 (v1.0),124,2021-04-29T03:44:00.000Z,True,5e9d0d95eda69973a809d1ec,5e9e4501f509094ba4566f84,"This mission launches the 24th batch of operational Starlink satellites, which are version 1.0, from LC-39A or SLC-40. It is the 25th Starlink launch overall. The satellites will be delivered to low Earth orbit and will spend a few weeks maneuvering to their operational altitude. The booster is expected to land on an ASDS.",False
605b4b7daa5433645e37d040,Starlink-25 (v1.0),125,2021-05-04T19:01:00.000Z,True,5e9d0d95eda69973a809d1ec,5e9e4502f509094188566f88,"This mission launches the 25th batch of operational Starlink satellites, which are version 1.0, from LC-39A. It is the 26th Starlink launch overall. The satellites will be delivered to low Earth orbit and will spend a few weeks maneuvering to their operational altitude. The booster is expected to land on OCISLY.",False
6079bd1c9a06446e8c61bf76,Starlink-27 (v1.0),126,2021-05-09T06:42:00.000Z,True,5e9d0d95eda69973a809d1ec,5e9e4501f509094ba4566f84,"This mission launches the 26th batch of operational Starlink satellites, which are version 1.0, from SLC-40. It is the 27th Starlink launch overall. The satellites will be delivered to low Earth orbit and will spend a few weeks maneuvering to their operational altitude. The booster is expected to land on an ASDS.",False
605b4b95aa5433645e37d041,Starlink-26 (v1.0) + Capella-6 + Tyvak-0130,127,2021-05-15T22:54:00.000Z,True,5e9d0d95eda69973a809d1ec,5e9e4502f509094188566f88,"This mission launches the 27th batch of operational Starlink satellites, which are version 1.0, from LC-39A or SLC-40. It is the 28th Starlink launch overall. The satellites will be delivered to low Earth orbit and will spend a few weeks maneuvering to their operational altitude. The booster is expected to land on an ASDS.",False
6079bd399a06446e8c61bf77,Starlink-28 (v1.0),128,2021-05-26T18:59:00.000Z,True,5e9d0d95eda69973a809d1ec,5e9e4501f509094ba4566f84,"This mission launches the 28th batch of operational Starlink satellites, which were version 1.0, from SLC-40. It was the 29th Starlink launch overall. The satellites plan to be delivered to low Earth orbit and will spend a few weeks maneuvering to their operational altitude. The booster is expected to land on ASDS JRTI.",False
5fe3af84b3467846b3242161,CRS-22 & IROSA,129,2021-06-03T17:29:00.000Z,True,5e9d0d95eda69973a809d1ec,5e9e4502f509094188566f88,"SpaceX's 22nd ISS resupply mission on behalf of NASA, this mission sends essential supplies to the International Space Station using the cargo variant of SpaceX's Dragon 2 spacecraft. The external payload for this mission is the first pair of ISS Roll Out Solar Arrays. Falcon 9 and Dragon launch from LC-39A, Kennedy Space Center and the booster is expected to land on an ASDS. The mission will be complete with splashdown and recovery of the capsule and down cargo.",False
5fe3af6db3467846b3242160,SXM-8,130,2021-06-06T04:26:00.000Z,True,5e9d0d95eda69973a809d1ec,5e9e4501f509094ba4566f84,"SpaceX launches the second of two next generation satellites for SiriusXM from SLC-40, Cape Canaveral Space Force Station. The spacecraft will be delivered into a sub-synchronous geostationary transfer orbit and will replace XM-4 in geostationary orbit. The booster for this mission will land on an ASDS.",False
5eb87d4effd86e000604b390,GPS III SV05,131,2021-06-17T16:09:00.000Z,True,5e9d0d95eda69973a809d1ec,5e9e4501f509094ba4566f84,"SpaceX's fourth GPS III launch will use the first stage from the previous GPS mission. This will be the first time a National Security Space Launch has flown on a flight proven booster. Falcon 9 will launch from SLC-40, Cape Canaveral and the booster will land downrange on a drone ship. GPS III is the third generation of the U.S. Space Force's NAVSTAR Global Positioning System satellites, developed by Lockheed Martin. The GPS III constellation will feature a cross-linked command and control architecture, allowing the entire GPS constellation to be updated simultaneously from a single ground station. A new spot beam capability for enhanced military coverage and increased resistance to hostile jamming will be incorporated.",False
600f9b6d8f798e2a4d5f979f,Transporter-2,132,2021-06-30T19:31:00.000Z,True,5e9d0d95eda69973a809d1ec,5e9e4501f509094ba4566f84,"Falcon 9 launches to sun-synchronous polar orbit from Florida as part of SpaceX's Rideshare program dedicated to smallsat customers. The mission lifts off from SLC-40, Cape Canaveral on a southward azimuth and performs a dogleg maneuver. The booster for this mission is expected to return to LZ-1 based on FCC communications filings. This rideshare takes approximately 90 satellites and hosted payloads into orbit on a variety of deployers including three free-flying spacecraft which dispense their customers' satellites after separation from the SpaceX stack.",False
5fe3b11eb3467846b324216c,CRS-23,133,2021-08-29T07:14:00.000Z,True,5e9d0d95eda69973a809d1ec,5e9e4502f509094188566f88,"SpaceX's 23rd ISS resupply mission on behalf of NASA, this mission brings essential supplies to the International Space Station using the cargo variant of SpaceX's Dragon 2 spacecraft. Cargo includes several science experiments. The booster for this mission is expected to land on an ASDS. The mission will be complete with return and recovery of the Dragon capsule and down cargo.",False
60e3bf0d73359e1e20335c37,Starlink 2-1 (v1.5),134,2021-09-14T03:55:00.000Z,True,5e9d0d95eda69973a809d1ec,5e9e4502f509092b78566f87,,False
607a37565a906a44023e0866,Inspiration4,135,2021-09-16T00:02:00.000Z,True,5e9d0d95eda69973a809d1ec,5e9e4502f509094188566f88,"Inspiration4 is the world’s first all-civilian mission to space. The mission will be commanded by Jared Isaacman, the 37-year-old founder and Chief Executive Officer of Shift4 Payments and an accomplished pilot and adventurer. Inspiration4 will leave Earth from Kennedy Space Center’s historic Launch Complex 39A, the embarkation point for Apollo and Space Shuttle missions, and travel across a low earth orbit on a multi-day journey that will continually eclipse more than 90% of the earth’s population. Named in recognition of the four-person crew that will raise awareness and funds for St. Jude Children’s Research Hospital, this milestone represents a new era for human spaceflight and exploration.",False
5fe3b15eb3467846b324216d,Crew-3,136,2021-11-11T02:03:00.000Z,True,5e9d0d95eda69973a809d1ec,5e9e4502f509094188566f88,"SpaceX will launch the third operational mission of its Crew Dragon vehicle as part of NASA's Commercial Crew Program, carrying four astronauts to the International Space Station, including 1 international partner This mission will fly on a new capsule and a once used booster. The booster will land downrange on a drone ship. The Crew-2 mission returns from the space station in November.",False
618faad2563d69573ed8ca9d,Starlink 4-1 (v1.5),137,2021-11-13T12:40:00.000Z,True,5e9d0d95eda69973a809d1ec,5e9e4501f509094ba4566f84,,False
5fe3b107b3467846b324216b,DART,138,2021-11-24T06:20:00.000Z,True,5e9d0d95eda69973a809d1ec,5e9e4502f509092b78566f87,"NASA's Double Asteroid Redirect Test (DART) will demonstrate the use of a kinetic impactor to alter an asteroid's trajectory, an intervention that could be used in the future to prevent devastating Earth impacts. The target system consists of Didymos, 780 meters in diameter, and its moonlet Dimorphos, 160 meters. The DART spacecraft will intercept the double asteroid, using autonomous guidance to crash into the smaller one. Moving at about 6 km/s, the transferred momentum should alter Dimorphos's 12 hour orbital period around its companion by several minutes. The mission tests several technologies, including the Small-body Maneuvering Autonomous Real-Time Navigation (SMART Nav) used to differentiate and steer toward the target body and Roll-Out Solar Arrays (ROSA) with Transformational Solar Array concentrators. NASA’s Evolutionary Xenon Thruster — Commercial (NEXT–C) ion engine will also be demonstrated, although the spacecraft's primary propulsion is hydrazine thrusters. DART should arrive at Didymos in late September 2022, when it is about 11 million kilometers from Earth. Ten days before impact, the Italian Space Agency's cubesat LICIACube will be deployed to observe the collision and ejecta with its two cameras. Earth-based telescopes will be used to measure the altered orbit.",False
6161c94c6db1a92bfba85349,Starlink 4-3 (v1.5),139,2021-12-01T23:20:00.000Z,True,5e9d0d95eda69973a809d1ec,5e9e4501f509094ba4566f84,,False
6161c88d6db1a92bfba85348,IXPE,140,2021-12-09T06:00:00.000Z,True,5e9d0d95eda69973a809d1ec,5e9e4502f509094188566f88,,False
61bba806437241381bf7061e,Starlink 4-4 (v1.5),141,2021-12-18T12:41:40.000Z,True,5e9d0d95eda69973a809d1ec,5e9e4502f509092b78566f87,The mission consists in launching 52 Starlink v1.5 satellites to Shell number 4 at 53.2°. This is unusual as the mission is launching from Vandenberg as these missions usually launch from the East Coast.,False
5fe3afc1b3467846b3242164,Türksat 5B,142,2021-12-19T03:58:00.000Z,True,5e9d0d95eda69973a809d1ec,5e9e4501f509094ba4566f84,"The Türksat 5B communication satellite, which its construction work continues at Airbus Defense and Space's facilities in Toulouse, France, will soon be sent to the Cape Canaveral Space Launch Station located in Florida, United States. The satellite will be launched into space onboard the Falcon 9 rocket following pre-launch preparations. With an estimated in-orbit lifetime of 30 years and the aim of securing Turkey’s orbital and frequency rights, Türksat 5B will be launched into an orbital slot at 42 degrees East. With 12 kW power, Türksat 5B will provide TV broadcasting and data communication services over a wide coverage area that reaches the entire Middle East, the Persian Gulf, the Red Sea, the Mediterranean, North Africa, East Africa, South Africa and Nigeria. Apart from that, the satellite will also provide customized services for airlines and commercial ship operators around the world thanks to the fact that it operates in Ka-Band.",False
6161d2006db1a92bfba85356,CRS-24,143,2021-12-21T10:06:00.000Z,True,5e9d0d95eda69973a809d1ec,5e9e4502f509094188566f88,"SpaceX's 24th ISS resupply mission on behalf of NASA, this mission brings essential supplies to the International Space Station using the cargo variant of SpaceX's Dragon 2 spacecraft. Cargo includes several science experiments. The booster for this mission is expected to land on an ASDS. The mission will be complete with return and recovery of the Dragon capsule and down cargo.",False
61d5eca1f88e4c5fc91f1eb7,Starlink 4-5 (v1.5),144,2022-01-06T21:49:00.000Z,True,5e9d0d95eda69973a809d1ec,5e9e4502f509094188566f88,,False
61bf3e31cd5ab50b0d936345,Transporter-3,145,2022-01-13T15:25:00.000Z,True,5e9d0d95eda69973a809d1ec,5e9e4501f509094ba4566f84,,False
61e048bbbe8d8b66799018d0,Starlink 4-6 (v1.5),146,2022-01-19T00:04:00.000Z,True,5e9d0d95eda69973a809d1ec,5e9e4502f509094188566f88,,False
6161d32d6db1a92bfba85359,CSG-2,147,2022-01-31T23:11:12.000Z,True,5e9d0d95eda69973a809d1ec,5e9e4501f509094ba4566f84,"Falcon 9 launches to sun-synchronous polar orbit from Florida as part of CSG-2 Mission. The mission lifts off from SLC-40, Cape Canaveral on a southward azimuth and performs a dogleg maneuver. The booster for this mission is expected to return to LZ-1 based on FCC communications filings",False
607a34e35a906a44023e085e,NROL-87,148,2022-02-02T20:18:00.000Z,True,5e9d0d95eda69973a809d1ec,5e9e4502f509092b78566f87,,False
61e048ffbe8d8b66799018d1,Starlink 4-7 (v1.5),149,2022-02-03T18:13:00.000Z,True,5e9d0d95eda69973a809d1ec,5e9e4502f509094188566f88,,False
61fc01dae0dc5662b76489a7,Starlink 4-8 (v1.5),150,2022-02-21T14:44:00.000Z,True,5e9d0d95eda69973a809d1ec,5e9e4501f509094ba4566f84,,False
61fc0203e0dc5662b76489a8,Starlink 4-11 (v1.5),151,2022-02-25T17:12:00.000Z,True,5e9d0d95eda69973a809d1ec,5e9e4502f509092b78566f87,,False
61fc0224e0dc5662b76489ab,Starlink 4-9 (v1.5),152,2022-03-03T14:35:00.000Z,True,5e9d0d95eda69973a809d1ec,5e9e4502f509094188566f88,,False
61fc0243e0dc5662b76489ae,Starlink 4-10 (v1.5),153,2022-03-09T13:45:00.000Z,True,5e9d0d95eda69973a809d1ec,5e9e4501f509094ba4566f84,,False
6234908cf051102e1fcedac4,Starlink 4-12 (v1.5),154,2022-03-19T03:24:00.000Z,True,5e9d0d95eda69973a809d1ec,5e9e4501f509094ba4566f84,,False
6243ad8baf52800c6e919252,Transporter-4,155,2022-04-01T16:24:00.000Z,True,5e9d0d95eda69973a809d1ec,5e9e4501f509094ba4566f84,,False
61eefaa89eb1064137a1bd73,Ax-1,156,2022-04-08T15:17:00.000Z,True,5e9d0d95eda69973a809d1ec,5e9e4502f509094188566f88,"Axiom Mission 1 (or Ax-1) is a planned SpaceX Crew Dragon mission to the International Space Station (ISS), operated by SpaceX on behalf of Axiom Space. The flight will launch no earlier than 31 March 2022 and send four people to the ISS for an eight-day stay",False
6243adcaaf52800c6e919254,NROL-85,157,2022-04-17T13:13:00.000Z,True,5e9d0d95eda69973a809d1ec,5e9e4502f509092b78566f87,,False
6243ada6af52800c6e919253,Starlink 4-14 (v1.5),158,2022-04-21T15:16:00.000Z,True,5e9d0d95eda69973a809d1ec,5e9e4501f509094ba4566f84,,False
6243ade2af52800c6e919255,Crew-4,159,2022-04-27T07:52:00.000Z,True,5e9d0d95eda69973a809d1ec,5e9e4502f509094188566f88,,False
62582a6f5988f159024b964b,Starlink 4-16 (v1.5),160,2022-04-29T21:27:00.000Z,True,5e9d0d95eda69973a809d1ec,5e9e4501f509094ba4566f84,,False
62582a855988f159024b964c,Starlink 4-17 (v1.5),161,2022-05-06T09:42:00.000Z,True,5e9d0d95eda69973a809d1ec,5e9e4502f509094188566f88,,False
6258290d5988f159024b9644,Starlink 4-13 (v1.5),162,2022-05-13T22:07:00.000Z,True,5e9d0d95eda69973a809d1ec,5e9e4502f509092b78566f87,,False
625828f25988f159024b9643,Starlink 4-15 (v1.5),163,2022-05-14T20:40:00.000Z,True,5e9d0d95eda69973a809d1ec,5e9e4501f509094ba4566f84,,False
62615ebc0ec008379be596fa,Starlink 4-18 (v1.5),164,2022-05-18T10:40:00.000Z,True,5e9d0d95eda69973a809d1ec,5e9e4502f509094188566f88,,False
6243ae24af52800c6e919258,Transporter-5,165,2022-05-25T18:27:00.000Z,True,5e9d0d95eda69973a809d1ec,5e9e4501f509094ba4566f84,,False
6243ae0aaf52800c6e919257,Nilesat-301,166,2022-06-08T21:04:00.000Z,True,5e9d0d95eda69973a809d1ec,5e9e4501f509094ba4566f84,,False
6278481757b51b752c5c5a5f,Starlink 4-19 (v1.5),167,2022-06-01T17:08:50.000Z,True,5e9d0d95eda69973a809d1ec,5e9e4502f509094188566f88,,False
5fe3af43b3467846b324215e,SARah 1,168,2022-06-18T14:19:00.000Z,True,5e9d0d95eda69973a809d1ec,5e9e4502f509092b78566f87,,False
62a9f08b20413d2695d88711,Globalstar FM15,169,2022-06-19T04:27:00.000Z,True,5e9d0d95eda69973a809d1ec,5e9e4501f509094ba4566f84,,False
6243aea5af52800c6e91925c,SES-22,170,2022-06-29T21:04:00.000Z,True,5e9d0d95eda69973a809d1ec,5e9e4501f509094ba4566f84,,False
62a9f0c920413d2695d88712,Starlink 4-21 (v1.5),171,2022-07-07T13:11:00.000Z,True,5e9d0d95eda69973a809d1ec,5e9e4501f509094ba4566f84,,False
62a9f0e320413d2695d88713,Starlink 3-1 (v1.5),172,2022-07-11T01:39:00.000Z,,5e9d0d95eda69973a809d1ec,5e9e4502f509092b78566f87,,False
6243ae40af52800c6e919259,CRS-25,173,2022-07-15T00:44:00.000Z,True,5e9d0d95eda69973a809d1ec,5e9e4502f509094188566f88,,False
62a9f0f820413d2695d88714,Starlink 4-22 (v1.5),174,2022-07-17T14:50:00.000Z,True,5e9d0d95eda69973a809d1ec,5e9e4501f509094ba4566f84,,False
62a9f10b20413d2695d88715,Starlink 3-2 (v1.5),175,2022-07-21T17:13:00.000Z,True,5e9d0d95eda69973a809d1ec,5e9e4502f509092b78566f87,,False
62a9f12820413d2695d88716,Starlink 4-25 (v1.5),176,2022-07-24T00:00:00.000Z,True,5e9d0d95eda69973a809d1ec,5e9e4501f509094ba4566f84,,False
62a9f86420413d2695d88719,KPLO,177,2022-08-04T23:08:00.000Z,True,5e9d0d95eda69973a809d1ec,5e9e4501f509094ba4566f84,,False
62a9f8b320413d2695d8871b,Starlink 4-26 (v1.5),178,2022-08-09T22:57:00.000Z,True,5e9d0d95eda69973a809d1ec,5e9e4502f509094188566f88,,False
62f3b4ff0f55c50e192a4e6b,Starlink 3-3 (v1.5),179,2022-08-12T21:30:00.000Z,True,5e9d0d95eda69973a809d1ec,5e9e4502f509092b78566f87,,False
62f3b5200f55c50e192a4e6c,Starlink 4-27 (v1.5),180,2022-08-19T19:24:00.000Z,True,5e9d0d95eda69973a809d1ec,5e9e4501f509094ba4566f84,,False
62f3b5290f55c50e192a4e6d,Starlink 4-23 (v1.5),181,2022-08-28T02:22:00.000Z,True,5e9d0d95eda69973a809d1ec,5e9e4502f509094188566f88,,False
62f3b53a0f55c50e192a4e6f,Starlink 3-4 (v1.5),182,2022-08-31T05:40:00.000Z,True,5e9d0d95eda69973a809d1ec,5e9e4502f509092b78566f87,,False
62f3b5330f55c50e192a4e6e,Starlink 4-20 (v1.5) & Sherpa LTC-2/Varuna-TDM,183,2022-09-05T02:09:00.000Z,True,5e9d0d95eda69973a809d1ec,5e9e4501f509094ba4566f84,,False
62a9f89a20413d2695d8871a,Starlink 4-2 (v1.5) & Blue Walker 3,184,2022-09-11T01:10:00.000Z,True,5e9d0d95eda69973a809d1ec,5e9e4502f509094188566f88,,False
63161329ffc78f3b8567070b,Starlink 4-34 (v1.5),185,2022-09-17T01:05:00.000Z,True,5e9d0d95eda69973a809d1ec,5e9e4501f509094ba4566f84,,False
63161339ffc78f3b8567070c,Starlink 4-35 (v1.5),186,2022-09-24T23:30:00.000Z,True,5e9d0d95eda69973a809d1ec,5e9e4501f509094ba4566f84,,False
62dd70d5202306255024d139,Crew-5,187,2022-10-05T16:00:00.000Z,True,5e9d0d95eda69973a809d1ec,5e9e4502f509094188566f88,,False
6243aec2af52800c6e91925d,USSF-44,188,2022-11-01T13:41:00.000Z,,5e9d0d95eda69974db09d1ed,5e9e4502f509094188566f88,,True
63161345ffc78f3b8567070d,Starlink 4-36 (v1.5),188,2022-10-20T14:50:00.000Z,,5e9d0d95eda69973a809d1ec,5e9e4501f509094ba4566f84,,True
633f71240531f07b4fdf59bb,Galaxy 33 (15R) & 34 (12R),188,2022-10-08T23:05:00.000Z,,5e9d0d95eda69973a809d1ec,5e9e4501f509094ba4566f84,,True
633f71370531f07b4fdf59bc,Hotbird 13F,188,2022-10-15T05:22:00.000Z,,5e9d0d95eda69973a809d1ec,5e9e4501f509094ba4566f84,,True
633f71dd0531f07b4fdf59c1,Hotbird 13G,189,2022-11-03T03:24:00.000Z,,5e9d0d95eda69973a809d1ec,5e9e4501f509094ba4566f84,,True
633f71a90531f07b4fdf59be,Galaxy 31 (23R) & 32 (17R),191,2022-11-08T00:00:00.000Z,,5e9d0d95eda69973a809d1ec,5e9e4501f509094ba4566f84,,True
633f71b60531f07b4fdf59bf,Eutelsat 10B,192,2022-11-15T00:00:00.000Z,,5e9d0d95eda69973a809d1ec,5e9e4501f509094ba4566f84,,True
633f723d0531f07b4fdf59c4,ispace Mission 1 & Rashid,193,2022-11-22T00:00:00.000Z,,5e9d0d95eda69973a809d1ec,5e9e4501f509094ba4566f84,,True
633f71cc0531f07b4fdf59c0,CRS-26,194,2022-11-18T22:00:00.000Z,,5e9d0d95eda69973a809d1ec,5e9e4502f509094188566f88,,True
633f71820531f07b4fdf59bd,Starlink 4-37 (v1.5),195,2022-11-01T00:00:00.000Z,,5e9d0d95eda69973a809d1ec,5e9e4501f509094ba4566f84,,True
6243ba08af52800c6e919270,"O3b mPower 1,2",196,2022-11-01T00:00:00.000Z,,5e9d0d95eda69973a809d1ec,5e9e4501f509094ba4566f84,,True
633f724c0531f07b4fdf59c5,SWOT,197,2022-12-05T00:00:00.000Z,,5e9d0d95eda69973a809d1ec,5e9e4502f509092b78566f87,,True
633f72000531f07b4fdf59c2,SES-18 & SES-19,198,2022-11-01T00:00:00.000Z,,5e9d0d95eda69973a809d1ec,5e9e4501f509094ba4566f84,,True
633f72580531f07b4fdf59c6,Transporter-6,198,2022-12-01T00:00:00.000Z,,5e9d0d95eda69973a809d1ec,5e9e4501f509094ba4566f84,,True
63161384ffc78f3b8567070e,TTL-1,199,2022-12-01T00:00:00.000Z,,5e9d0d95eda69973a809d1ec,5e9e4502f509092b78566f87,,True
6243ae58af52800c6e91925a,WorldView Legion 1 & 2,200,2022-12-01T00:00:00.000Z,,5e9d0d95eda69973a809d1ec,5e9e4501f509094ba4566f84,,True
633f72130531f07b4fdf59c3,Viasat-3 & Arcturus,202,2022-12-01T00:00:00.000Z,,5e9d0d95eda69974db09d1ed,5e9e4502f509094188566f88,,True
6243ae7daf52800c6e91925b,O3b mPower 3.4,203,2022-12-01T00:00:00.000Z,,5e9d0d95eda69973a809d1ec,5e9e4501f509094ba4566f84,,True
